order_id,customer_id,product_id,region,order_date,quantity,sales,profit,revenue
1001,C002,P002,North,2026-01-02,2,1746,152.94,3492
1002,C003,P003,East,2026-01-03,1,1209,222.9,1209
1003,C004,P004,West,2026-01-04,3,747,139.6,2241
1004,C005,P005,South,2026-01-05,4,1747,317.75,6988
1005,C006,P006,West,2026-01-06,5,658,139.63,3290
1006,C007,P007,South,2026-01-07,2,435,93.25,870
1007,C008,P008,North,2026-01-08,4,1769,338.56,7076
1008,C009,P009,North,2026-01-09,3,1228,238.2,3684
1009,C010,P010,West,2026-01-10,4,279,60.36,1116
1010,C011,P011,North,2026-01-11,4,1311,244.86,5244
1011,C012,P012,East,2026-01-12,2,520,107.46,1040
1012,C013,P013,South,2026-01-13,4,1933,411.65,7732
1013,C014,P014,North,2026-01-14,2,1722,363.7,3444
1014,C015,P015,West,2026-01-15,3,1029,150.32,3087
1015,C016,P016,South,2026-01-16,2,417,82.71,834
1016,C017,P017,East,2026-01-17,3,1431,298.27,4293
1017,C018,P018,North,2026-01-18,3,1503,124.06,4509
1018,C019,P019,West,2026-01-19,5,497,64.79,2485
1019,C020,P020,West,2026-01-20,2,867,153.19,1734
1020,C021,P021,North,2026-01-21,4,1465,226.15,5860
1021,C022,P022,East,2026-01-22,3,1618,221.53,4854
1022,C023,P023,North,2026-01-23,5,230,41.83,1150
1023,C024,P024,South,2026-01-24,4,579,64.82,2316
1024,C025,P025,West,2026-01-25,1,1791,247.73,1791
1025,C026,P026,West,2026-01-26,1,1198,222.94,1198
1026,C027,P027,South,2026-01-27,2,1717,318.1,3434
1027,C028,P028,East,2026-01-28,4,551,96.01,2204
1028,C029,P029,East,2026-01-29,3,144,18.82,432
1029,C030,P030,West,2026-01-30,1,1653,223.32,1653
1030,C031,P031,North,2026-01-31,2,149,21.72,298
1031,C032,P032,West,2026-02-01,2,1289,203.34,2578
1032,C033,P033,East,2026-02-02,3,375,39.39,1125
1033,C034,P034,West,2026-02-03,5,220,23.57,1100
1034,C035,P035,South,2026-02-04,1,1511,297.78,1511
1035,C036,P036,West,2026-02-05,5,1545,188.29,7725
1036,C037,P037,North,2026-02-06,4,543,65.34,2172
1037,C038,P038,North,2026-02-07,1,401,41.91,401
1038,C039,P039,South,2026-02-08,4,562,72.17,2248
1039,C040,P040,West,2026-02-09,3,679,93.34,2037
1040,C041,P041,East,2026-02-10,3,1066,170.87,3198
1041,C042,P042,South,2026-02-11,2,1882,209.54,3764
1042,C043,P043,North,2026-02-12,4,468,48.78,1872
1043,C044,P044,West,2026-02-13,3,1040,207.13,3120
1044,C045,P045,South,2026-02-14,2,518,77.28,1036
1045,C046,P046,West,2026-02-15,5,1066,86.37,5330
1046,C047,P047,West,2026-02-16,2,1273,236.91,2546
1047,C048,P048,South,2026-02-17,5,1314,214.02,6570
1048,C049,P049,South,2026-02-18,1,1884,350.33,1884
1049,C050,P050,South,2026-02-19,1,258,32.29,258
1050,C051,P051,East,2026-02-20,1,260,46.68,260
1051,C052,P052,East,2026-02-21,2,495,108.21,990
1052,C053,P053,West,2026-02-22,4,557,103.05,2228
1053,C054,P054,East,2026-02-23,4,255,31.69,1020
1054,C055,P055,South,2026-02-24,5,1370,139.36,6850
1055,C056,P056,West,2026-02-25,5,1013,174.99,5065
1056,C057,P057,West,2026-02-26,4,1309,108.86,5236
1057,C058,P058,South,2026-02-27,3,242,41.49,726
1058,C059,P059,South,2026-02-28,5,1042,162.49,5210
1059,C060,P060,West,2026-03-01,1,1821,236.19,1821
1060,C061,P061,South,2026-03-02,1,491,97.98,491
1061,C062,P062,South,2026-03-03,4,596,129.84,2384
1062,C063,P063,West,2026-03-04,3,853,124.47,2559
1063,C064,P064,South,2026-03-05,1,1050,128.83,1050
1064,C065,P065,East,2026-03-06,2,1325,256.53,2650
1065,C066,P066,East,2026-03-07,1,1681,149.71,1681
1066,C067,P067,North,2026-03-08,3,1998,287.92,5994
1067,C068,P068,East,2026-03-09,3,1295,224.02,3885
1068,C069,P069,North,2026-03-10,3,603,118.19,1809
1069,C070,P070,South,2026-03-11,5,1284,163.67,6420
1070,C071,P071,South,2026-03-12,5,1028,211.59,5140
1071,C072,P072,West,2026-03-13,1,1422,205.23,1422
1072,C073,P073,East,2026-03-14,1,1887,225.34,1887
1073,C074,P074,South,2026-03-15,4,1684,233.84,6736
1074,C075,P075,East,2026-03-16,2,635,114.71,1270
1075,C076,P076,West,2026-03-17,5,1794,156.85,8970
1076,C077,P077,South,2026-03-18,1,1527,189.49,1527
1077,C078,P078,West,2026-03-19,1,1574,330.08,1574
1078,C079,P079,South,2026-03-20,5,394,59.28,1970
1079,C080,P080,South,2026-03-21,4,739,62.03,2956
1080,C081,P081,South,2026-03-22,5,1288,272.5,6440
1081,C082,P082,South,2026-03-23,4,448,58.27,1792
1082,C083,P083,North,2026-03-24,3,1497,224.82,4491
1083,C084,P084,North,2026-03-25,5,350,34.89,1750
1084,C085,P085,North,2026-03-26,1,1967,317.74,1967
1085,C086,P086,South,2026-03-27,1,1626,270.66,1626
1086,C087,P087,South,2026-03-28,2,1266,224.46,2532
1087,C088,P088,East,2026-03-29,1,1124,131.76,1124
1088,C089,P089,West,2026-03-30,3,1218,181.45,3654
1089,C090,P090,South,2026-03-31,2,1591,297.03,3182
1090,C091,P091,South,2026-01-01,2,198,17.25,396
1091,C092,P092,West,2026-01-02,5,1089,205.14,5445
1092,C093,P093,North,2026-01-03,4,464,101.33,1856
1093,C094,P094,West,2026-01-04,1,1451,314.86,1451
1094,C095,P095,West,2026-01-05,3,215,32.72,645
1095,C096,P096,West,2026-01-06,1,1502,313.58,1502
1096,C097,P097,North,2026-01-07,2,1836,300.43,3672
1097,C098,P098,East,2026-01-08,1,1002,168.78,1002
1098,C099,P099,West,2026-01-09,1,936,160.96,936
1099,C100,P100,West,2026-01-10,1,1072,179.61,1072
1100,C101,P101,West,2026-01-11,1,1600,313.37,1600
1101,C102,P102,West,2026-01-12,2,1311,170.05,2622
1102,C103,P103,West,2026-01-13,1,257,35.41,257
1103,C104,P104,North,2026-01-14,5,167,26.33,835
1104,C105,P105,East,2026-01-15,3,1309,205.48,3927
1105,C106,P106,West,2026-01-16,5,365,31.57,1825
1106,C107,P107,East,2026-01-17,4,334,47.61,1336
1107,C108,P108,West,2026-01-18,4,1092,154.46,4368
1108,C109,P109,South,2026-01-19,3,188,32.15,564
1109,C110,P110,South,2026-01-20,1,1899,341.82,1899
1110,C111,P111,West,2026-01-21,4,1299,179.65,5196
1111,C112,P112,East,2026-01-22,4,1786,158.32,7144
1112,C113,P113,East,2026-01-23,3,689,82.43,2067
1113,C114,P114,South,2026-01-24,3,269,48.83,807
1114,C115,P115,North,2026-01-25,3,1671,193.49,5013
1115,C116,P116,West,2026-01-26,4,852,75.56,3408
1116,C117,P117,East,2026-01-27,5,1696,247.91,8480
1117,C118,P118,North,2026-01-28,5,1486,141.31,7430
1118,C119,P119,East,2026-01-29,5,1566,143.48,7830
1119,C120,P120,East,2026-01-30,4,1220,160.11,4880
1120,C121,P001,North,2026-01-31,3,513,58.23,1539
1121,C122,P002,North,2026-02-01,4,108,22.48,432
1122,C123,P003,North,2026-02-02,2,550,51.01,1100
1123,C124,P004,West,2026-02-03,4,1641,283.05,6564
1124,C125,P005,South,2026-02-04,3,732,139.5,2196
1125,C126,P006,North,2026-02-05,2,872,128.17,1744
1126,C127,P007,South,2026-02-06,4,456,72.84,1824
1127,C128,P008,South,2026-02-07,5,966,129.31,4830
1128,C129,P009,West,2026-02-08,4,1408,176.02,5632
1129,C130,P010,West,2026-02-09,1,1713,273.23,1713
1130,C131,P011,East,2026-02-10,5,1014,211.48,5070
1131,C132,P012,West,2026-02-11,2,1583,303.9,3166
1132,C133,P013,East,2026-02-12,4,915,193.72,3660
1133,C134,P014,North,2026-02-13,1,1617,133.37,1617
1134,C135,P015,West,2026-02-14,3,1801,379.94,5403
1135,C136,P016,North,2026-02-15,2,1668,345.0,3336
1136,C137,P017,North,2026-02-16,4,696,81.53,2784
1137,C138,P018,East,2026-02-17,4,1820,267.76,7280
1138,C139,P019,East,2026-02-18,1,968,141.1,968
1139,C140,P020,East,2026-02-19,3,315,26.78,945
1140,C141,P021,South,2026-02-20,3,1956,421.76,5868
1141,C142,P022,North,2026-02-21,4,1158,156.53,4632
1142,C143,P023,South,2026-02-22,4,174,18.03,696
1143,C144,P024,West,2026-02-23,4,1683,247.87,6732
1144,C145,P025,East,2026-02-24,3,1322,114.02,3966
1145,C146,P026,West,2026-02-25,4,1833,228.67,7332
1146,C147,P027,West,2026-02-26,2,1467,134.42,2934
1147,C148,P028,West,2026-02-27,1,149,24.94,149
1148,C149,P029,East,2026-02-28,2,1574,172.71,3148
1149,C150,P030,West,2026-03-01,2,181,37.79,362
1150,C151,P031,South,2026-03-02,4,1448,234.82,5792
1151,C152,P032,East,2026-03-03,1,537,75.78,537
1152,C153,P033,East,2026-03-04,2,1606,255.21,3212
1153,C154,P034,South,2026-03-05,1,1352,190.91,1352
1154,C155,P035,South,2026-03-06,2,606,57.08,1212
1155,C156,P036,East,2026-03-07,3,690,116.59,2070
1156,C157,P037,South,2026-03-08,1,1435,173.63,1435
1157,C158,P038,East,2026-03-09,5,538,114.1,2690
1158,C159,P039,North,2026-03-10,3,319,61.26,957
1159,C160,P040,South,2026-03-11,4,1285,213.09,5140
1160,C161,P041,East,2026-03-12,3,1622,333.11,4866
1161,C162,P042,North,2026-03-13,5,148,32.41,740
1162,C163,P043,South,2026-03-14,4,1293,281.2,5172
1163,C164,P044,North,2026-03-15,2,1785,164.3,3570
1164,C165,P045,West,2026-03-16,4,1230,137.3,4920
1165,C166,P046,West,2026-03-17,4,382,71.65,1528
1166,C167,P047,North,2026-03-18,5,1933,281.34,9665
1167,C168,P048,South,2026-03-19,2,372,54.32,744
1168,C169,P049,North,2026-03-20,3,291,40.81,873
1169,C170,P050,West,2026-03-21,4,1366,211.24,5464
1170,C171,P051,North,2026-03-22,4,1321,285.36,5284
1171,C172,P052,North,2026-03-23,2,196,42.66,392
1172,C173,P053,South,2026-03-24,1,1643,272.95,1643
1173,C174,P054,East,2026-03-25,3,499,93.82,1497
1174,C175,P055,West,2026-03-26,5,1670,316.71,8350
1175,C176,P056,East,2026-03-27,3,606,91.15,1818
1176,C177,P057,West,2026-03-28,5,235,27.35,1175
1177,C178,P058,West,2026-03-29,1,903,76.55,903
1178,C179,P059,South,2026-03-30,4,859,69.55,3436
1179,C180,P060,East,2026-03-31,3,994,133.29,2982
1180,C181,P061,West,2026-01-01,5,398,63.46,1990
1181,C182,P062,South,2026-01-02,4,710,112.35,2840
1182,C183,P063,West,2026-01-03,2,1015,181.64,2030
1183,C184,P064,South,2026-01-04,4,938,164.78,3752
1184,C185,P065,East,2026-01-05,4,732,117.69,2928
1185,C186,P066,South,2026-01-06,1,736,119.09,736
1186,C187,P067,West,2026-01-07,4,263,48.03,1052
1187,C188,P068,West,2026-01-08,5,931,150.06,4655
1188,C189,P069,South,2026-01-09,5,1237,212.14,6185
1189,C190,P070,East,2026-01-10,4,430,41.89,1720
1190,C191,P071,South,2026-01-11,5,1918,409.7,9590
1191,C192,P072,North,2026-01-12,1,1795,172.09,1795
1192,C193,P073,East,2026-01-13,2,1109,232.01,2218
1193,C194,P074,North,2026-01-14,1,425,90.81,425
1194,C195,P075,East,2026-01-15,2,1030,119.76,2060
1195,C196,P076,West,2026-01-16,4,1277,226.02,5108
1196,C197,P077,North,2026-01-17,2,944,197.83,1888
1197,C198,P078,North,2026-01-18,2,205,42.39,410
1198,C199,P079,East,2026-01-19,5,1976,208.83,9880
1199,C200,P080,East,2026-01-20,3,829,117.35,2487
1200,C201,P081,East,2026-01-21,3,389,55.17,1167
1201,C202,P082,East,2026-01-22,1,1419,175.62,1419
1202,C203,P083,South,2026-01-23,3,884,79.74,2652
1203,C204,P084,West,2026-01-24,2,969,210.95,1938
1204,C205,P085,North,2026-01-25,2,1060,217.87,2120
1205,C206,P086,South,2026-01-26,4,1266,128.25,5064
1206,C207,P087,East,2026-01-27,2,550,52.4,1100
1207,C208,P088,East,2026-01-28,5,960,112.33,4800
1208,C209,P089,South,2026-01-29,3,1867,232.87,5601
1209,C210,P090,North,2026-01-30,5,1583,191.24,7915
1210,C211,P091,East,2026-01-31,1,878,93.67,878
1211,C212,P092,West,2026-02-01,2,1375,208.46,2750
1212,C213,P093,North,2026-02-02,5,973,166.07,4865
1213,C214,P094,North,2026-02-03,5,1632,290.03,8160
1214,C215,P095,West,2026-02-04,1,199,32.2,199
1215,C216,P096,East,2026-02-05,2,1645,266.91,3290
1216,C217,P097,South,2026-02-06,3,935,172.3,2805
1217,C218,P098,North,2026-02-07,4,1020,182.67,4080
1218,C219,P099,North,2026-02-08,2,1984,206.75,3968
1219,C220,P100,North,2026-02-09,3,1127,202.88,3381
1220,C221,P101,West,2026-02-10,2,1591,312.26,3182
1221,C222,P102,North,2026-02-11,5,769,142.25,3845
1222,C223,P103,East,2026-02-12,2,701,109.19,1402
1223,C224,P104,East,2026-02-13,4,767,103.38,3068
1224,C225,P105,East,2026-02-14,4,417,37.86,1668
1225,C226,P106,West,2026-02-15,5,185,33.08,925
1226,C227,P107,North,2026-02-16,5,1881,323.82,9405
1227,C228,P108,South,2026-02-17,5,294,29.6,1470
1228,C229,P109,West,2026-02-18,4,1905,208.35,7620
1229,C230,P110,East,2026-02-19,1,408,58.25,408
1230,C231,P111,North,2026-02-20,4,951,199.25,3804
1231,C232,P112,North,2026-02-21,3,518,51.96,1554
1232,C233,P113,East,2026-02-22,4,753,150.41,3012
1233,C234,P114,East,2026-02-23,3,151,31.29,453
1234,C235,P115,East,2026-02-24,4,1598,262.66,6392
1235,C236,P116,West,2026-02-25,3,1518,291.44,4554
1236,C237,P117,East,2026-02-26,1,977,107.16,977
1237,C238,P118,West,2026-02-27,1,1655,320.0,1655
1238,C239,P119,East,2026-02-28,3,1288,123.75,3864
1239,C240,P120,North,2026-03-01,3,1594,217.35,4782
1240,C241,P001,North,2026-03-02,5,1867,238.44,9335
1241,C242,P002,North,2026-03-03,5,1309,143.85,6545
1242,C243,P003,East,2026-03-04,2,1733,178.43,3466
1243,C244,P004,South,2026-03-05,3,315,33.09,945
1244,C245,P005,South,2026-03-06,5,1630,201.66,8150
1245,C246,P006,West,2026-03-07,5,862,89.22,4310
1246,C247,P007,North,2026-03-08,1,592,95.17,592
1247,C248,P008,West,2026-03-09,1,1984,246.5,1984
1248,C249,P009,South,2026-03-10,5,1202,193.82,6010
1249,C250,P010,West,2026-03-11,4,347,38.54,1388
1250,C251,P011,North,2026-03-12,5,400,46.31,2000
1251,C252,P012,North,2026-03-13,1,794,108.26,794
1252,C253,P013,East,2026-03-14,1,448,86.53,448
1253,C254,P014,South,2026-03-15,1,1996,263.54,1996
1254,C255,P015,East,2026-03-16,5,255,43.71,1275
1255,C256,P016,East,2026-03-17,4,887,124.69,3548
1256,C257,P017,East,2026-03-18,2,256,30.42,512
1257,C258,P018,West,2026-03-19,2,1512,300.14,3024
1258,C259,P019,East,2026-03-20,3,1684,346.78,5052
1259,C260,P020,South,2026-03-21,1,1923,368.01,1923
1260,C261,P021,North,2026-03-22,3,1760,206.18,5280
1261,C262,P022,South,2026-03-23,4,524,93.28,2096
1262,C263,P023,West,2026-03-24,4,1096,193.13,4384
1263,C264,P024,West,2026-03-25,1,1492,317.83,1492
1264,C265,P025,East,2026-03-26,4,923,177.05,3692
1265,C266,P026,North,2026-03-27,1,1383,199.81,1383
1266,C267,P027,South,2026-03-28,3,1777,143.73,5331
1267,C268,P028,West,2026-03-29,3,1426,171.07,4278
1268,C269,P029,East,2026-03-30,3,1750,162.22,5250
1269,C270,P030,East,2026-03-31,4,1481,155.65,5924
1270,C271,P031,West,2026-01-01,1,1228,136.64,1228
1271,C272,P032,West,2026-01-02,1,641,81.21,641
1272,C273,P033,South,2026-01-03,5,1128,167.35,5640
1273,C274,P034,West,2026-01-04,3,370,33.66,1110
1274,C275,P035,North,2026-01-05,2,1604,222.01,3208
1275,C276,P036,East,2026-01-06,4,474,39.2,1896
1276,C277,P037,South,2026-01-07,2,1662,145.99,3324
1277,C278,P038,North,2026-01-08,3,143,18.4,429
1278,C279,P039,West,2026-01-09,3,116,15.51,348
1279,C280,P040,East,2026-01-10,4,230,46.51,920
1280,C281,P041,North,2026-01-11,1,908,190.65,908
1281,C282,P042,East,2026-01-12,4,1646,143.98,6584
1282,C283,P043,South,2026-01-13,3,244,37.85,732
1283,C284,P044,North,2026-01-14,2,144,31.21,288
1284,C285,P045,West,2026-01-15,4,230,22.59,920
1285,C286,P046,West,2026-01-16,4,1752,206.86,7008
1286,C287,P047,West,2026-01-17,4,576,90.52,2304
1287,C288,P048,South,2026-01-18,5,1295,171.83,6475
1288,C289,P049,South,2026-01-19,5,573,95.1,2865
1289,C290,P050,North,2026-01-20,4,1467,179.08,5868
1290,C291,P051,North,2026-01-21,1,968,81.71,968
1291,C292,P052,South,2026-01-22,3,1184,104.05,3552
1292,C293,P053,North,2026-01-23,2,675,111.07,1350
1293,C294,P054,South,2026-01-24,5,705,98.28,3525
1294,C295,P055,North,2026-01-25,5,1125,99.93,5625
1295,C296,P056,West,2026-01-26,1,1962,380.06,1962
1296,C297,P057,North,2026-01-27,1,1901,179.0,1901
1297,C298,P058,East,2026-01-28,3,684,127.98,2052
1298,C299,P059,North,2026-01-29,4,1734,338.12,6936
1299,C300,P060,West,2026-01-30,2,802,138.96,1604
1300,C001,P061,West,2026-01-31,5,1480,206.7,7400
1301,C002,P062,North,2026-02-01,5,117,9.69,585
1302,C003,P063,South,2026-02-02,1,1908,312.21,1908
1303,C004,P064,North,2026-02-03,5,1242,233.99,6210
1304,C005,P065,South,2026-02-04,3,1672,347.43,5016
1305,C006,P066,North,2026-02-05,1,1302,231.01,1302
1306,C007,P067,East,2026-02-06,2,1503,314.85,3006
1307,C008,P068,West,2026-02-07,2,1231,205.13,2462
1308,C009,P069,North,2026-02-08,1,1275,160.5,1275
1309,C010,P070,East,2026-02-09,4,1148,155.08,4592
1310,C011,P071,East,2026-02-10,5,1021,183.55,5105
1311,C012,P072,South,2026-02-11,4,1325,240.51,5300
1312,C013,P073,West,2026-02-12,2,1766,234.27,3532
1313,C014,P074,East,2026-02-13,3,1577,336.54,4731
1314,C015,P075,South,2026-02-14,3,955,204.77,2865
1315,C016,P076,South,2026-02-15,1,1707,177.57,1707
1316,C017,P077,West,2026-02-16,5,1223,227.22,6115
1317,C018,P078,West,2026-02-17,1,461,79.69,461
1318,C019,P079,North,2026-02-18,4,613,62.37,2452
1319,C020,P080,West,2026-02-19,2,430,47.74,860
1320,C021,P081,East,2026-02-20,1,440,58.48,440
1321,C022,P082,West,2026-02-21,1,1495,308.75,1495
1322,C023,P083,East,2026-02-22,4,1667,147.8,6668
1323,C024,P084,South,2026-02-23,2,358,50.81,716
1324,C025,P085,South,2026-02-24,2,613,92.56,1226
1325,C026,P086,North,2026-02-25,4,1958,174.09,7832
1326,C027,P087,South,2026-02-26,4,1974,258.52,7896
1327,C028,P088,West,2026-02-27,3,348,38.95,1044
1328,C029,P089,North,2026-02-28,2,1189,105.89,2378
1329,C030,P090,South,2026-03-01,4,189,17.38,756
1330,C031,P091,West,2026-03-02,3,1920,235.66,5760
1331,C032,P092,South,2026-03-03,4,998,144.63,3992
1332,C033,P093,East,2026-03-04,1,875,133.52,875
1333,C034,P094,South,2026-03-05,1,1762,144.17,1762
1334,C035,P095,South,2026-03-06,1,584,78.62,584
1335,C036,P096,South,2026-03-07,3,1734,154.38,5202
1336,C037,P097,West,2026-03-08,4,305,57.07,1220
1337,C038,P098,East,2026-03-09,3,1256,172.87,3768
1338,C039,P099,South,2026-03-10,2,975,192.72,1950
1339,C040,P100,North,2026-03-11,4,1232,255.53,4928
1340,C041,P101,West,2026-03-12,1,217,22.67,217
1341,C042,P102,West,2026-03-13,5,1475,275.82,7375
1342,C043,P103,North,2026-03-14,1,1996,367.96,1996
1343,C044,P104,East,2026-03-15,5,1700,352.86,8500
1344,C045,P105,East,2026-03-16,4,1390,298.0,5560
1345,C046,P106,North,2026-03-17,4,648,100.62,2592
1346,C047,P107,East,2026-03-18,5,1438,241.92,7190
1347,C048,P108,East,2026-03-19,1,1711,333.14,1711
1348,C049,P109,South,2026-03-20,3,546,78.67,1638
1349,C050,P110,North,2026-03-21,4,1083,180.73,4332
1350,C051,P111,South,2026-03-22,3,1943,210.83,5829
1351,C052,P112,East,2026-03-23,5,626,101.76,3130
1352,C053,P113,North,2026-03-24,5,1354,229.05,6770
1353,C054,P114,South,2026-03-25,5,1970,302.2,9850
1354,C055,P115,East,2026-03-26,2,276,44.72,552
1355,C056,P116,East,2026-03-27,5,607,50.8,3035
1356,C057,P117,East,2026-03-28,2,1169,189.13,2338
1357,C058,P118,North,2026-03-29,1,528,80.62,528
1358,C059,P119,South,2026-03-30,4,1127,125.05,4508
1359,C060,P120,East,2026-03-31,5,1471,203.78,7355
1360,C061,P001,South,2026-01-01,2,1070,115.23,2140
1361,C062,P002,South,2026-01-02,5,183,17.36,915
1362,C063,P003,East,2026-01-03,5,108,10.46,540
1363,C064,P004,North,2026-01-04,3,147,12.8,441
1364,C065,P005,North,2026-01-05,5,1464,152.22,7320
1365,C066,P006,South,2026-01-06,4,443,86.39,1772
1366,C067,P007,South,2026-01-07,5,379,43.37,1895
1367,C068,P008,North,2026-01-08,5,719,94.94,3595
1368,C069,P009,North,2026-01-09,3,589,97.91,1767
1369,C070,P010,North,2026-01-10,5,428,54.08,2140
1370,C071,P011,West,2026-01-11,4,1432,295.34,5728
1371,C072,P012,East,2026-01-12,3,728,76.19,2184
1372,C073,P013,West,2026-01-13,5,433,37.0,2165
1373,C074,P014,East,2026-01-14,2,826,101.1,1652
1374,C075,P015,North,2026-01-15,4,990,108.91,3960
1375,C076,P016,East,2026-01-16,2,429,45.82,858
1376,C077,P017,South,2026-01-17,5,1527,247.15,7635
1377,C078,P018,South,2026-01-18,5,585,112.24,2925
1378,C079,P019,South,2026-01-19,5,1259,192.41,6295
1379,C080,P020,North,2026-01-20,5,1799,267.94,8995
1380,C081,P021,East,2026-01-21,3,1550,305.24,4650
1381,C082,P022,East,2026-01-22,2,777,83.89,1554
1382,C083,P023,West,2026-01-23,1,1790,245.39,1790
1383,C084,P024,North,2026-01-24,2,806,65.97,1612
1384,C085,P025,West,2026-01-25,4,1973,288.49,7892
1385,C086,P026,East,2026-01-26,4,870,128.84,3480
1386,C087,P027,North,2026-01-27,2,1047,166.09,2094
1387,C088,P028,West,2026-01-28,2,1521,146.7,3042
1388,C089,P029,South,2026-01-29,4,515,112.89,2060
1389,C090,P030,West,2026-01-30,4,666,134.09,2664
1390,C091,P031,South,2026-01-31,2,409,40.12,818
1391,C092,P032,West,2026-02-01,1,606,53.73,606
1392,C093,P033,South,2026-02-02,1,427,44.96,427
1393,C094,P034,North,2026-02-03,2,1541,138.58,3082
1394,C095,P035,South,2026-02-04,4,1219,173.48,4876
1395,C096,P036,West,2026-02-05,2,1463,195.32,2926
1396,C097,P037,South,2026-02-06,3,560,99.23,1680
1397,C098,P038,West,2026-02-07,3,1717,187.27,5151
1398,C099,P039,South,2026-02-08,2,501,79.38,1002
1399,C100,P040,East,2026-02-09,2,266,44.86,532
1400,C101,P041,North,2026-02-10,2,1551,325.54,3102
1401,C102,P042,West,2026-02-11,2,1397,187.58,2794
1402,C103,P043,East,2026-02-12,3,1900,175.89,5700
1403,C104,P044,South,2026-02-13,4,1906,288.53,7624
1404,C105,P045,East,2026-02-14,5,1818,253.36,9090
1405,C106,P046,South,2026-02-15,3,181,16.22,543
1406,C107,P047,North,2026-02-16,5,1894,210.9,9470
1407,C108,P048,North,2026-02-17,3,1329,272.93,3987
1408,C109,P049,North,2026-02-18,4,1856,346.49,7424
1409,C110,P050,South,2026-02-19,5,1673,328.94,8365
1410,C111,P051,West,2026-02-20,1,123,26.65,123
1411,C112,P052,South,2026-02-21,1,1474,195.42,1474
1412,C113,P053,North,2026-02-22,1,687,149.97,687
1413,C114,P054,East,2026-02-23,2,583,115.07,1166
1414,C115,P055,East,2026-02-24,2,182,16.11,364
1415,C116,P056,West,2026-02-25,4,570,76.67,2280
1416,C117,P057,West,2026-02-26,5,598,105.53,2990
1417,C118,P058,West,2026-02-27,4,628,77.3,2512
1418,C119,P059,West,2026-02-28,1,336,39.07,336
1419,C120,P060,North,2026-03-01,3,1298,146.08,3894
1420,C121,P061,South,2026-03-02,3,692,55.68,2076
1421,C122,P062,East,2026-03-03,5,1145,183.85,5725
1422,C123,P063,East,2026-03-04,2,1207,154.08,2414
1423,C124,P064,East,2026-03-05,4,803,114.03,3212
1424,C125,P065,West,2026-03-06,3,1094,217.88,3282
1425,C126,P066,East,2026-03-07,4,969,123.09,3876
1426,C127,P067,South,2026-03-08,4,741,112.48,2964
1427,C128,P068,South,2026-03-09,1,1873,196.7,1873
1428,C129,P069,East,2026-03-10,4,1655,343.86,6620
1429,C130,P070,South,2026-03-11,4,241,44.24,964
1430,C131,P071,South,2026-03-12,5,266,38.31,1330
1431,C132,P072,West,2026-03-13,5,1935,220.07,9675
1432,C133,P073,North,2026-03-14,3,1460,283.02,4380
1433,C134,P074,South,2026-03-15,2,243,34.69,486
1434,C135,P075,South,2026-03-16,2,1379,120.42,2758
1435,C136,P076,West,2026-03-17,1,1296,125.13,1296
1436,C137,P077,North,2026-03-18,3,1757,351.67,5271
1437,C138,P078,West,2026-03-19,2,103,12.02,206
1438,C139,P079,West,2026-03-20,2,1951,178.39,3902
1439,C140,P080,West,2026-03-21,4,711,69.67,2844
1440,C141,P081,North,2026-03-22,1,1837,304.83,1837
1441,C142,P082,West,2026-03-23,5,1342,192.59,6710
1442,C143,P083,North,2026-03-24,4,978,175.15,3912
1443,C144,P084,West,2026-03-25,3,1123,156.78,3369
1444,C145,P085,West,2026-03-26,4,1661,274.68,6644
1445,C146,P086,East,2026-03-27,5,1162,233.81,5810
1446,C147,P087,North,2026-03-28,2,1425,168.59,2850
1447,C148,P088,West,2026-03-29,2,534,100.7,1068
1448,C149,P089,South,2026-03-30,3,558,105.6,1674
1449,C150,P090,North,2026-03-31,1,237,44.98,237
1450,C151,P091,South,2026-01-01,4,1634,144.26,6536
1451,C152,P092,East,2026-01-02,3,1678,282.15,5034
1452,C153,P093,West,2026-01-03,1,1767,276.87,1767
1453,C154,P094,North,2026-01-04,3,1062,208.07,3186
1454,C155,P095,East,2026-01-05,5,814,139.08,4070
1455,C156,P096,East,2026-01-06,5,1537,177.37,7685
1456,C157,P097,North,2026-01-07,4,580,103.57,2320
1457,C158,P098,East,2026-01-08,4,642,67.9,2568
1458,C159,P099,South,2026-01-09,5,1112,207.95,5560
1459,C160,P100,East,2026-01-10,1,1731,147.94,1731
1460,C161,P101,East,2026-01-11,3,198,18.2,594
1461,C162,P102,North,2026-01-12,2,1580,325.96,3160
1462,C163,P103,East,2026-01-13,1,1640,308.58,1640
1463,C164,P104,South,2026-01-14,5,1149,181.41,5745
1464,C165,P105,West,2026-01-15,1,313,67.38,313
1465,C166,P106,North,2026-01-16,1,1520,316.53,1520
1466,C167,P107,East,2026-01-17,5,1446,150.0,7230
1467,C168,P108,North,2026-01-18,2,1355,108.52,2710
1468,C169,P109,North,2026-01-19,2,1709,215.86,3418
1469,C170,P110,South,2026-01-20,1,505,60.65,505
1470,C171,P111,West,2026-01-21,4,1152,180.29,4608
1471,C172,P112,West,2026-01-22,3,1028,83.84,3084
1472,C173,P113,North,2026-01-23,5,1393,137.18,6965
1473,C174,P114,South,2026-01-24,4,1569,270.42,6276
1474,C175,P115,South,2026-01-25,1,1561,220.31,1561
1475,C176,P116,North,2026-01-26,1,522,77.1,522
1476,C177,P117,South,2026-01-27,3,1346,136.05,4038
1477,C178,P118,West,2026-01-28,5,662,133.69,3310
1478,C179,P119,East,2026-01-29,3,343,30.11,1029
1479,C180,P120,North,2026-01-30,2,1351,181.97,2702
1480,C181,P001,East,2026-01-31,1,1487,212.16,1487
1481,C182,P002,North,2026-02-01,1,1008,181.67,1008
1482,C183,P003,East,2026-02-02,2,1944,371.42,3888
1483,C184,P004,South,2026-02-03,3,335,44.94,1005
1484,C185,P005,West,2026-02-04,4,1939,421.14,7756
1485,C186,P006,South,2026-02-05,2,555,54.32,1110
1486,C187,P007,East,2026-02-06,1,342,64.04,342
1487,C188,P008,North,2026-02-07,2,1430,141.6,2860
1488,C189,P009,West,2026-02-08,1,599,63.38,599
1489,C190,P010,West,2026-02-09,3,1910,161.48,5730
1490,C191,P011,West,2026-02-10,4,1748,157.8,6992
1491,C192,P012,West,2026-02-11,1,687,136.59,687
1492,C193,P013,North,2026-02-12,5,1508,322.17,7540
1493,C194,P014,South,2026-02-13,2,803,155.89,1606
1494,C195,P015,West,2026-02-14,2,166,24.08,332
1495,C196,P016,East,2026-02-15,5,152,30.55,760
1496,C197,P017,West,2026-02-16,3,1736,168.63,5208
1497,C198,P018,South,2026-02-17,2,1793,372.68,3586
1498,C199,P019,East,2026-02-18,5,1645,194.87,8225
1499,C200,P020,East,2026-02-19,2,981,100.3,1962
1500,C201,P021,South,2026-02-20,1,890,173.26,890
1501,C202,P022,West,2026-02-21,5,1463,189.25,7315
1502,C203,P023,North,2026-02-22,3,1183,133.73,3549
1503,C204,P024,East,2026-02-23,3,116,21.27,348
1504,C205,P025,South,2026-02-24,5,1574,177.83,7870
1505,C206,P026,West,2026-02-25,4,812,98.13,3248
1506,C207,P027,North,2026-02-26,5,1869,192.69,9345
1507,C208,P028,North,2026-02-27,2,1223,168.03,2446
1508,C209,P029,South,2026-02-28,4,1998,400.35,7992
1509,C210,P030,North,2026-03-01,3,929,145.23,2787
1510,C211,P031,East,2026-03-02,5,1602,158.71,8010
1511,C212,P032,South,2026-03-03,3,355,33.5,1065
1512,C213,P033,West,2026-03-04,4,1580,329.92,6320
1513,C214,P034,East,2026-03-05,1,1204,232.07,1204
1514,C215,P035,East,2026-03-06,3,549,104.34,1647
1515,C216,P036,North,2026-03-07,4,1788,367.25,7152
1516,C217,P037,West,2026-03-08,5,1758,369.9,8790
1517,C218,P038,West,2026-03-09,2,736,66.49,1472
1518,C219,P039,South,2026-03-10,5,1143,230.66,5715
1519,C220,P040,South,2026-03-11,5,393,67.29,1965
1520,C221,P041,West,2026-03-12,3,252,54.13,756
1521,C222,P042,North,2026-03-13,1,493,88.49,493
1522,C223,P043,South,2026-03-14,3,1153,247.73,3459
1523,C224,P044,South,2026-03-15,4,1224,256.28,4896
1524,C225,P045,East,2026-03-16,5,1469,191.36,7345
1525,C226,P046,North,2026-03-17,3,1582,328.09,4746
1526,C227,P047,South,2026-03-18,3,347,35.78,1041
1527,C228,P048,North,2026-03-19,5,885,150.28,4425
1528,C229,P049,West,2026-03-20,1,244,33.02,244
1529,C230,P050,North,2026-03-21,2,1390,234.62,2780
1530,C231,P051,South,2026-03-22,3,880,163.73,2640
1531,C232,P052,South,2026-03-23,2,1907,178.73,3814
1532,C233,P053,East,2026-03-24,3,1461,147.02,4383
1533,C234,P054,West,2026-03-25,4,910,159.92,3640
1534,C235,P055,South,2026-03-26,2,1284,183.2,2568
1535,C236,P056,East,2026-03-27,5,885,118.29,4425
1536,C237,P057,West,2026-03-28,1,488,93.28,488
1537,C238,P058,West,2026-03-29,4,1324,125.34,5296
1538,C239,P059,South,2026-03-30,5,848,128.66,4240
1539,C240,P060,West,2026-03-31,1,685,67.24,685
1540,C241,P061,West,2026-01-01,4,403,43.35,1612
1541,C242,P062,South,2026-01-02,1,1541,292.84,1541
1542,C243,P063,North,2026-01-03,4,563,100.4,2252
1543,C244,P064,West,2026-01-04,2,201,39.21,402
1544,C245,P065,West,2026-01-05,2,1276,168.76,2552
1545,C246,P066,East,2026-01-06,4,1465,253.12,5860
1546,C247,P067,West,2026-01-07,3,462,92.04,1386
1547,C248,P068,East,2026-01-08,3,716,137.96,2148
1548,C249,P069,West,2026-01-09,5,900,119.52,4500
1549,C250,P070,South,2026-01-10,3,1603,300.38,4809
1550,C251,P071,North,2026-01-11,4,1714,368.76,6856
1551,C252,P072,West,2026-01-12,2,257,30.81,514
1552,C253,P073,South,2026-01-13,5,658,137.96,3290
1553,C254,P074,South,2026-01-14,5,910,184.38,4550
1554,C255,P075,West,2026-01-15,2,1753,353.23,3506
1555,C256,P076,East,2026-01-16,1,1917,285.26,1917
1556,C257,P077,West,2026-01-17,1,1187,134.43,1187
1557,C258,P078,North,2026-01-18,5,1984,291.05,9920
1558,C259,P079,East,2026-01-19,2,442,55.54,884
1559,C260,P080,West,2026-01-20,3,1842,395.83,5526
1560,C261,P081,South,2026-01-21,3,1060,168.47,3180
1561,C262,P082,North,2026-01-22,4,980,116.37,3920
1562,C263,P083,South,2026-01-23,4,907,144.67,3628
1563,C264,P084,South,2026-01-24,3,1758,193.56,5274
1564,C265,P085,South,2026-01-25,2,1218,139.46,2436
1565,C266,P086,South,2026-01-26,3,955,194.52,2865
1566,C267,P087,West,2026-01-27,1,414,62.31,414
1567,C268,P088,North,2026-01-28,5,1848,189.66,9240
1568,C269,P089,South,2026-01-29,2,591,83.54,1182
1569,C270,P090,East,2026-01-30,1,258,23.57,258
1570,C271,P091,North,2026-01-31,1,1831,376.29,1831
1571,C272,P092,East,2026-02-01,1,1442,170.37,1442
1572,C273,P093,North,2026-02-02,5,1925,393.59,9625
1573,C274,P094,West,2026-02-03,5,1767,180.04,8835
1574,C275,P095,East,2026-02-04,2,206,43.24,412
1575,C276,P096,South,2026-02-05,3,1704,255.6,5112
1576,C277,P097,North,2026-02-06,2,648,64.16,1296
1577,C278,P098,West,2026-02-07,1,119,11.01,119
1578,C279,P099,South,2026-02-08,4,1853,403.88,7412
1579,C280,P100,South,2026-02-09,1,499,74.9,499
1580,C281,P101,West,2026-02-10,4,678,68.17,2712
1581,C282,P102,South,2026-02-11,3,1827,281.99,5481
1582,C283,P103,North,2026-02-12,4,774,107.53,3096
1583,C284,P104,West,2026-02-13,1,921,170.59,921
1584,C285,P105,West,2026-02-14,5,197,18.08,985
1585,C286,P106,East,2026-02-15,4,735,134.45,2940
1586,C287,P107,East,2026-02-16,1,1413,141.44,1413
1587,C288,P108,South,2026-02-17,4,437,50.0,1748
1588,C289,P109,East,2026-02-18,4,322,57.85,1288
1589,C290,P110,South,2026-02-19,4,1770,282.72,7080
1590,C291,P111,North,2026-02-20,2,1827,349.84,3654
1591,C292,P112,East,2026-02-21,3,665,84.19,1995
1592,C293,P113,North,2026-02-22,5,1750,363.5,8750
1593,C294,P114,North,2026-02-23,4,837,181.83,3348
1594,C295,P115,South,2026-02-24,2,998,116.33,1996
1595,C296,P116,North,2026-02-25,5,1238,169.98,6190
1596,C297,P117,North,2026-02-26,4,878,166.49,3512
1597,C298,P118,West,2026-02-27,1,1922,193.54,1922
1598,C299,P119,North,2026-02-28,2,873,188.78,1746
1599,C300,P120,West,2026-03-01,2,1209,135.08,2418
1600,C001,P001,South,2026-03-02,3,1176,106.13,3528
1601,C002,P002,East,2026-03-03,4,1815,171.34,7260
1602,C003,P003,South,2026-03-04,4,1615,155.96,6460
1603,C004,P004,South,2026-03-05,5,1308,196.27,6540
1604,C005,P005,North,2026-03-06,5,209,16.87,1045
1605,C006,P006,East,2026-03-07,2,494,67.3,988
1606,C007,P007,East,2026-03-08,5,909,148.17,4545
1607,C008,P008,North,2026-03-09,1,1158,112.53,1158
1608,C009,P009,North,2026-03-10,3,1977,260.59,5931
1609,C010,P010,South,2026-03-11,5,282,23.34,1410
1610,C011,P011,East,2026-03-12,3,1414,185.85,4242
1611,C012,P012,West,2026-03-13,1,614,75.2,614
1612,C013,P013,West,2026-03-14,2,1092,202.3,2184
1613,C014,P014,North,2026-03-15,3,1155,208.21,3465
1614,C015,P015,North,2026-03-16,5,704,99.03,3520
1615,C016,P016,South,2026-03-17,1,1698,221.57,1698
1616,C017,P017,North,2026-03-18,5,347,63.33,1735
1617,C018,P018,South,2026-03-19,5,871,174.04,4355
1618,C019,P019,East,2026-03-20,3,1390,111.61,4170
1619,C020,P020,West,2026-03-21,1,1141,178.3,1141
1620,C021,P021,East,2026-03-22,1,708,155.07,708
1621,C022,P022,South,2026-03-23,3,1480,300.34,4440
1622,C023,P023,West,2026-03-24,4,1862,251.89,7448
1623,C024,P024,East,2026-03-25,4,493,63.95,1972
1624,C025,P025,East,2026-03-26,4,1820,353.68,7280
1625,C026,P026,East,2026-03-27,2,1609,275.13,3218
1626,C027,P027,North,2026-03-28,1,273,32.31,273
1627,C028,P028,West,2026-03-29,2,1321,263.17,2642
1628,C029,P029,West,2026-03-30,5,1135,226.35,5675
1629,C030,P030,North,2026-03-31,3,771,153.84,2313
1630,C031,P031,North,2026-01-01,3,1603,264.84,4809
1631,C032,P032,South,2026-01-02,2,1190,174.2,2380
1632,C033,P033,East,2026-01-03,4,1810,146.5,7240
1633,C034,P034,East,2026-01-04,2,1573,294.93,3146
1634,C035,P035,East,2026-01-05,3,542,113.35,1626
1635,C036,P036,East,2026-01-06,2,1841,195.13,3682
1636,C037,P037,North,2026-01-07,1,1449,314.37,1449
1637,C038,P038,East,2026-01-08,4,591,128.6,2364
1638,C039,P039,South,2026-01-09,5,1826,323.82,9130
1639,C040,P040,West,2026-01-10,3,349,65.14,1047
1640,C041,P041,South,2026-01-11,4,1049,97.16,4196
1641,C042,P042,West,2026-01-12,3,929,202.48,2787
1642,C043,P043,South,2026-01-13,4,590,94.04,2360
1643,C044,P044,North,2026-01-14,4,165,18.22,660
1644,C045,P045,East,2026-01-15,5,989,83.52,4945
1645,C046,P046,North,2026-01-16,3,1592,263.27,4776
1646,C047,P047,South,2026-01-17,4,1768,385.05,7072
1647,C048,P048,South,2026-01-18,5,1833,153.52,9165
1648,C049,P049,East,2026-01-19,5,434,47.76,2170
1649,C050,P050,North,2026-01-20,4,275,34.06,1100
1650,C051,P051,East,2026-01-21,3,1475,200.18,4425
1651,C052,P052,South,2026-01-22,5,1172,219.05,5860
1652,C053,P053,North,2026-01-23,2,1720,143.43,3440
1653,C054,P054,East,2026-01-24,4,344,56.17,1376
1654,C055,P055,North,2026-01-25,4,1502,260.12,6008
1655,C056,P056,West,2026-01-26,3,773,63.99,2319
1656,C057,P057,East,2026-01-27,3,1088,206.98,3264
1657,C058,P058,South,2026-01-28,1,1861,348.86,1861
1658,C059,P059,East,2026-01-29,1,1279,248.63,1279
1659,C060,P060,East,2026-01-30,4,1188,232.96,4752
1660,C061,P061,West,2026-01-31,4,125,16.56,500
1661,C062,P062,West,2026-02-01,1,111,20.0,111
1662,C063,P063,East,2026-02-02,1,1400,179.65,1400
1663,C064,P064,South,2026-02-03,2,765,149.18,1530
1664,C065,P065,East,2026-02-04,4,1699,231.46,6796
1665,C066,P066,North,2026-02-05,4,1169,244.72,4676
1666,C067,P067,West,2026-02-06,1,540,83.32,540
1667,C068,P068,North,2026-02-07,3,407,79.8,1221
1668,C069,P069,South,2026-02-08,5,1602,191.45,8010
1669,C070,P070,East,2026-02-09,2,1373,202.31,2746
1670,C071,P071,East,2026-02-10,5,1473,171.88,7365
1671,C072,P072,East,2026-02-11,5,1124,142.82,5620
1672,C073,P073,South,2026-02-12,3,1880,190.72,5640
1673,C074,P074,West,2026-02-13,5,162,20.91,810
1674,C075,P075,East,2026-02-14,3,1308,238.88,3924
1675,C076,P076,West,2026-02-15,3,1215,257.58,3645
1676,C077,P077,South,2026-02-16,3,606,104.76,1818
1677,C078,P078,South,2026-02-17,1,1164,97.48,1164
1678,C079,P079,North,2026-02-18,2,134,10.91,268
1679,C080,P080,North,2026-02-19,2,1199,152.15,2398
1680,C081,P081,West,2026-02-20,5,1496,290.18,7480
1681,C082,P082,North,2026-02-21,3,520,97.23,1560
1682,C083,P083,South,2026-02-22,2,801,114.03,1602
1683,C084,P084,East,2026-02-23,2,1922,221.15,3844
1684,C085,P085,West,2026-02-24,4,1453,154.98,5812
1685,C086,P086,South,2026-02-25,2,1580,294.01,3160
1686,C087,P087,South,2026-02-26,4,1889,203.53,7556
1687,C088,P088,North,2026-02-27,3,573,92.54,1719
1688,C089,P089,North,2026-02-28,5,1661,149.94,8305
1689,C090,P090,South,2026-03-01,5,315,29.77,1575
1690,C091,P091,North,2026-03-02,5,1382,269.22,6910
1691,C092,P092,North,2026-03-03,1,1758,209.98,1758
1692,C093,P093,East,2026-03-04,5,1266,104.37,6330
1693,C094,P094,West,2026-03-05,4,656,76.56,2624
1694,C095,P095,East,2026-03-06,1,1656,143.97,1656
1695,C096,P096,South,2026-03-07,2,900,127.26,1800
1696,C097,P097,West,2026-03-08,4,1883,169.1,7532
1697,C098,P098,West,2026-03-09,2,1418,298.65,2836
1698,C099,P099,South,2026-03-10,1,1459,183.29,1459
1699,C100,P100,South,2026-03-11,3,1186,207.55,3558
1700,C101,P101,West,2026-03-12,2,1891,372.66,3782
1701,C102,P102,South,2026-03-13,2,502,104.7,1004
1702,C103,P103,East,2026-03-14,5,409,56.58,2045
1703,C104,P104,North,2026-03-15,5,583,100.75,2915
1704,C105,P105,West,2026-03-16,4,1297,220.61,5188
1705,C106,P106,West,2026-03-17,5,1682,173.45,8410
1706,C107,P107,North,2026-03-18,3,1468,268.72,4404
1707,C108,P108,West,2026-03-19,1,238,27.61,238
1708,C109,P109,West,2026-03-20,3,1486,150.82,4458
1709,C110,P110,East,2026-03-21,4,1075,133.44,4300
1710,C111,P111,West,2026-03-22,1,1314,217.96,1314
1711,C112,P112,West,2026-03-23,5,1841,286.2,9205
1712,C113,P113,North,2026-03-24,2,1957,257.47,3914
1713,C114,P114,East,2026-03-25,1,1522,122.95,1522
1714,C115,P115,North,2026-03-26,4,1031,185.53,4124
1715,C116,P116,South,2026-03-27,4,174,25.71,696
1716,C117,P117,North,2026-03-28,2,897,174.71,1794
1717,C118,P118,North,2026-03-29,3,1831,320.93,5493
1718,C119,P119,North,2026-03-30,4,1196,175.18,4784
1719,C120,P120,East,2026-03-31,5,1375,156.26,6875
1720,C121,P001,West,2026-01-01,4,333,27.0,1332
1721,C122,P002,East,2026-01-02,3,1220,193.32,3660
1722,C123,P003,East,2026-01-03,2,113,22.92,226
1723,C124,P004,North,2026-01-04,3,574,70.37,1722
1724,C125,P005,West,2026-01-05,5,558,52.73,2790
1725,C126,P006,West,2026-01-06,5,1537,217.22,7685
1726,C127,P007,North,2026-01-07,1,1808,313.28,1808
1727,C128,P008,South,2026-01-08,4,666,84.6,2664
1728,C129,P009,North,2026-01-09,3,1095,155.12,3285
1729,C130,P010,North,2026-01-10,3,736,109.1,2208
1730,C131,P011,North,2026-01-11,2,958,161.39,1916
1731,C132,P012,East,2026-01-12,5,519,107.4,2595
1732,C133,P013,South,2026-01-13,2,103,14.09,206
1733,C134,P014,East,2026-01-14,4,636,111.19,2544
1734,C135,P015,North,2026-01-15,4,796,162.6,3184
1735,C136,P016,East,2026-01-16,4,290,35.18,1160
1736,C137,P017,West,2026-01-17,5,478,69.47,2390
1737,C138,P018,South,2026-01-18,3,1707,363.61,5121
1738,C139,P019,West,2026-01-19,1,544,44.23,544
1739,C140,P020,South,2026-01-20,2,102,14.66,204
1740,C141,P021,East,2026-01-21,3,581,93.75,1743
1741,C142,P022,North,2026-01-22,3,1665,326.25,4995
1742,C143,P023,North,2026-01-23,4,1065,179.92,4260
1743,C144,P024,West,2026-01-24,5,1384,174.35,6920
1744,C145,P025,South,2026-01-25,5,1861,262.47,9305
1745,C146,P026,East,2026-01-26,1,1831,188.35,1831
1746,C147,P027,North,2026-01-27,1,234,49.66,234
1747,C148,P028,South,2026-01-28,5,851,161.59,4255
1748,C149,P029,East,2026-01-29,5,1394,288.06,6970
1749,C150,P030,East,2026-01-30,2,1002,192.04,2004
1750,C151,P031,East,2026-01-31,4,862,134.71,3448
1751,C152,P032,West,2026-02-01,4,1907,390.81,7628
1752,C153,P033,South,2026-02-02,1,616,121.55,616
1753,C154,P034,East,2026-02-03,5,1521,192.09,7605
1754,C155,P035,East,2026-02-04,4,1462,256.44,5848
1755,C156,P036,West,2026-02-05,3,486,82.1,1458
1756,C157,P037,North,2026-02-06,1,398,33.63,398
1757,C158,P038,East,2026-02-07,3,1431,216.97,4293
1758,C159,P039,North,2026-02-08,5,764,155.94,3820
1759,C160,P040,South,2026-02-09,5,1478,255.43,7390
1760,C161,P041,East,2026-02-10,1,118,12.2,118
1761,C162,P042,West,2026-02-11,1,600,96.71,600
1762,C163,P043,East,2026-02-12,1,624,83.61,624
1763,C164,P044,North,2026-02-13,5,715,144.77,3575
1764,C165,P045,East,2026-02-14,5,1927,233.37,9635
1765,C166,P046,North,2026-02-15,5,105,14.69,525
1766,C167,P047,North,2026-02-16,2,779,103.42,1558
1767,C168,P048,East,2026-02-17,3,723,68.22,2169
1768,C169,P049,West,2026-02-18,4,828,134.07,3312
1769,C170,P050,East,2026-02-19,4,1727,161.61,6908
1770,C171,P051,North,2026-02-20,5,720,134.65,3600
1771,C172,P052,West,2026-02-21,5,1942,279.91,9710
1772,C173,P053,East,2026-02-22,5,880,72.15,4400
1773,C174,P054,South,2026-02-23,4,407,38.48,1628
1774,C175,P055,North,2026-02-24,1,554,74.92,554
1775,C176,P056,West,2026-02-25,4,906,114.17,3624
1776,C177,P057,East,2026-02-26,5,105,16.35,525
1777,C178,P058,North,2026-02-27,5,215,43.93,1075
1778,C179,P059,West,2026-02-28,1,1612,291.82,1612
1779,C180,P060,West,2026-03-01,1,103,11.22,103
1780,C181,P061,South,2026-03-02,5,510,103.55,2550
1781,C182,P062,North,2026-03-03,1,1517,132.05,1517
1782,C183,P063,East,2026-03-04,3,903,130.1,2709
1783,C184,P064,South,2026-03-05,1,1335,235.33,1335
1784,C185,P065,South,2026-03-06,2,1667,182.64,3334
1785,C186,P066,North,2026-03-07,2,1365,140.11,2730
1786,C187,P067,North,2026-03-08,1,244,43.05,244
1787,C188,P068,East,2026-03-09,3,1317,285.77,3951
1788,C189,P069,North,2026-03-10,3,949,187.31,2847
1789,C190,P070,South,2026-03-11,3,1445,185.92,4335
1790,C191,P071,East,2026-03-12,4,1200,210.49,4800
1791,C192,P072,North,2026-03-13,3,890,111.31,2670
1792,C193,P073,West,2026-03-14,1,874,85.48,874
1793,C194,P074,East,2026-03-15,4,1844,202.36,7376
1794,C195,P075,East,2026-03-16,1,1203,198.38,1203
1795,C196,P076,North,2026-03-17,2,1454,288.76,2908
1796,C197,P077,West,2026-03-18,3,1663,153.4,4989
1797,C198,P078,North,2026-03-19,3,234,21.62,702
1798,C199,P079,North,2026-03-20,1,1581,206.83,1581
1799,C200,P080,East,2026-03-21,3,1236,193.89,3708
1800,C201,P081,North,2026-03-22,2,1004,154.38,2008
1801,C202,P082,East,2026-03-23,3,1819,218.12,5457
1802,C203,P083,North,2026-03-24,5,502,82.82,2510
1803,C204,P084,South,2026-03-25,5,1622,356.61,8110
1804,C205,P085,North,2026-03-26,1,1092,112.54,1092
1805,C206,P086,South,2026-03-27,1,1283,177.44,1283
1806,C207,P087,North,2026-03-28,1,1434,134.84,1434
1807,C208,P088,North,2026-03-29,3,706,79.06,2118
1808,C209,P089,South,2026-03-30,3,1426,171.65,4278
1809,C210,P090,West,2026-03-31,3,286,24.27,858
1810,C211,P091,South,2026-01-01,5,968,127.68,4840
1811,C212,P092,South,2026-01-02,5,251,27.66,1255
1812,C213,P093,North,2026-01-03,3,1304,285.44,3912
1813,C214,P094,East,2026-01-04,1,1107,190.98,1107
1814,C215,P095,North,2026-01-05,4,1870,244.54,7480
1815,C216,P096,North,2026-01-06,1,1888,175.67,1888
1816,C217,P097,West,2026-01-07,2,942,142.93,1884
1817,C218,P098,North,2026-01-08,2,656,59.07,1312
1818,C219,P099,North,2026-01-09,2,1180,196.09,2360
1819,C220,P100,West,2026-01-10,4,1462,241.27,5848
1820,C221,P101,South,2026-01-11,3,1443,228.98,4329
1821,C222,P102,East,2026-01-12,4,1786,385.27,7144
1822,C223,P103,East,2026-01-13,3,1555,162.6,4665
1823,C224,P104,South,2026-01-14,5,1372,295.06,6860
1824,C225,P105,North,2026-01-15,2,1531,303.91,3062
1825,C226,P106,East,2026-01-16,3,647,80.94,1941
1826,C227,P107,West,2026-01-17,5,1020,152.72,5100
1827,C228,P108,West,2026-01-18,1,1094,133.18,1094
1828,C229,P109,East,2026-01-19,2,403,38.17,806
1829,C230,P110,West,2026-01-20,1,1120,159.3,1120
1830,C231,P111,West,2026-01-21,4,1945,184.6,7780
1831,C232,P112,North,2026-01-22,2,937,128.98,1874
1832,C233,P113,North,2026-01-23,4,1955,279.48,7820
1833,C234,P114,North,2026-01-24,4,1737,339.52,6948
1834,C235,P115,North,2026-01-25,3,800,111.94,2400
1835,C236,P116,East,2026-01-26,5,1534,189.47,7670
1836,C237,P117,East,2026-01-27,5,1353,264.07,6765
1837,C238,P118,East,2026-01-28,2,350,51.26,700
1838,C239,P119,West,2026-01-29,1,535,46.56,535
1839,C240,P120,South,2026-01-30,4,354,48.62,1416
1840,C241,P001,East,2026-01-31,4,500,80.01,2000
1841,C242,P002,West,2026-02-01,4,1602,214.24,6408
1842,C243,P003,South,2026-02-02,5,1299,111.94,6495
1843,C244,P004,South,2026-02-03,4,1258,239.11,5032
1844,C245,P005,South,2026-02-04,1,726,99.97,726
1845,C246,P006,South,2026-02-05,4,743,148.12,2972
1846,C247,P007,East,2026-02-06,1,322,56.04,322
1847,C248,P008,East,2026-02-07,2,525,91.85,1050
1848,C249,P009,West,2026-02-08,2,1308,240.63,2616
1849,C250,P010,East,2026-02-09,3,1465,278.76,4395
1850,C251,P011,East,2026-02-10,5,1132,200.21,5660
1851,C252,P012,North,2026-02-11,1,1201,134.6,1201
1852,C253,P013,West,2026-02-12,2,936,110.42,1872
1853,C254,P014,East,2026-02-13,2,1513,250.27,3026
1854,C255,P015,West,2026-02-14,1,1426,235.55,1426
1855,C256,P016,West,2026-02-15,3,1758,256.96,5274
1856,C257,P017,South,2026-02-16,5,447,57.56,2235
1857,C258,P018,East,2026-02-17,4,548,88.06,2192
1858,C259,P019,West,2026-02-18,2,579,95.0,1158
1859,C260,P020,West,2026-02-19,1,791,129.72,791
1860,C261,P021,West,2026-02-20,5,1138,158.08,5690
1861,C262,P022,North,2026-02-21,1,1420,265.35,1420
1862,C263,P023,East,2026-02-22,5,1892,153.76,9460
1863,C264,P024,West,2026-02-23,4,1400,298.67,5600
1864,C265,P025,South,2026-02-24,1,1480,275.22,1480
1865,C266,P026,West,2026-02-25,5,1704,350.94,8520
1866,C267,P027,North,2026-02-26,1,1679,278.89,1679
1867,C268,P028,West,2026-02-27,4,1772,284.44,7088
1868,C269,P029,East,2026-02-28,5,1332,127.89,6660
1869,C270,P030,West,2026-03-01,3,261,40.42,783
1870,C271,P031,East,2026-03-02,4,1683,195.82,6732
1871,C272,P032,East,2026-03-03,2,1567,201.76,3134
1872,C273,P033,North,2026-03-04,2,1402,153.2,2804
1873,C274,P034,South,2026-03-05,5,515,45.2,2575
1874,C275,P035,South,2026-03-06,3,748,152.41,2244
1875,C276,P036,East,2026-03-07,4,1758,383.91,7032
1876,C277,P037,East,2026-03-08,2,1219,116.73,2438
1877,C278,P038,West,2026-03-09,4,1146,190.61,4584
1878,C279,P039,West,2026-03-10,1,618,105.57,618
1879,C280,P040,East,2026-03-11,3,1895,256.75,5685
1880,C281,P041,South,2026-03-12,2,323,41.13,646
1881,C282,P042,South,2026-03-13,1,1706,344.32,1706
1882,C283,P043,East,2026-03-14,3,1938,342.52,5814
1883,C284,P044,South,2026-03-15,3,477,43.46,1431
1884,C285,P045,North,2026-03-16,3,786,152.27,2358
1885,C286,P046,North,2026-03-17,5,694,151.47,3470
1886,C287,P047,East,2026-03-18,3,1256,196.16,3768
1887,C288,P048,North,2026-03-19,2,495,96.62,990
1888,C289,P049,West,2026-03-20,5,772,158.79,3860
1889,C290,P050,South,2026-03-21,3,1158,178.1,3474
1890,C291,P051,South,2026-03-22,3,1437,265.78,4311
1891,C292,P052,North,2026-03-23,1,1860,336.72,1860
1892,C293,P053,South,2026-03-24,2,251,47.87,502
1893,C294,P054,North,2026-03-25,4,1389,166.09,5556
1894,C295,P055,West,2026-03-26,4,1938,194.3,7752
1895,C296,P056,North,2026-03-27,4,609,85.6,2436
1896,C297,P057,East,2026-03-28,2,929,199.04,1858
1897,C298,P058,East,2026-03-29,2,1391,140.98,2782
1898,C299,P059,West,2026-03-30,1,799,144.21,799
1899,C300,P060,West,2026-03-31,5,429,42.02,2145
1900,C001,P061,East,2026-01-01,2,1769,385.95,3538
1901,C002,P062,West,2026-01-02,1,642,134.31,642
1902,C003,P063,North,2026-01-03,4,1658,141.29,6632
1903,C004,P064,West,2026-01-04,4,879,87.92,3516
1904,C005,P065,South,2026-01-05,4,1341,157.48,5364
1905,C006,P066,North,2026-01-06,1,1607,264.34,1607
1906,C007,P067,North,2026-01-07,1,1864,163.17,1864
1907,C008,P068,West,2026-01-08,2,1245,106.17,2490
1908,C009,P069,West,2026-01-09,3,1254,205.49,3762
1909,C010,P070,West,2026-01-10,3,556,101.77,1668
1910,C011,P071,West,2026-01-11,1,505,81.28,505
1911,C012,P072,West,2026-01-12,3,1788,168.84,5364
1912,C013,P073,South,2026-01-13,4,1116,107.08,4464
1913,C014,P074,North,2026-01-14,4,649,56.71,2596
1914,C015,P075,West,2026-01-15,4,1754,305.24,7016
1915,C016,P076,South,2026-01-16,3,1261,224.56,3783
1916,C017,P077,South,2026-01-17,3,248,29.49,744
1917,C018,P078,North,2026-01-18,5,363,57.37,1815
1918,C019,P079,South,2026-01-19,5,292,27.45,1460
1919,C020,P080,South,2026-01-20,5,1072,174.61,5360
1920,C021,P081,East,2026-01-21,5,233,44.57,1165
1921,C022,P082,West,2026-01-22,4,764,65.36,3056
1922,C023,P083,East,2026-01-23,2,1503,208.37,3006
1923,C024,P084,West,2026-01-24,2,589,120.48,1178
1924,C025,P085,East,2026-01-25,5,1831,381.89,9155
1925,C026,P086,West,2026-01-26,1,1097,118.28,1097
1926,C027,P087,South,2026-01-27,1,1173,196.27,1173
1927,C028,P088,North,2026-01-28,3,732,95.03,2196
1928,C029,P089,West,2026-01-29,4,1221,156.68,4884
1929,C030,P090,West,2026-01-30,5,1984,356.85,9920
1930,C031,P091,North,2026-01-31,4,298,47.6,1192
1931,C032,P092,East,2026-02-01,2,435,70.55,870
1932,C033,P093,South,2026-02-02,1,607,90.85,607
1933,C034,P094,South,2026-02-03,1,1268,207.45,1268
1934,C035,P095,East,2026-02-04,2,648,67.29,1296
1935,C036,P096,North,2026-02-05,3,1943,294.24,5829
1936,C037,P097,East,2026-02-06,5,980,201.2,4900
1937,C038,P098,East,2026-02-07,3,386,43.07,1158
1938,C039,P099,North,2026-02-08,2,562,54.26,1124
1939,C040,P100,East,2026-02-09,4,931,119.35,3724
1940,C041,P101,North,2026-02-10,3,1060,221.03,3180
1941,C042,P102,West,2026-02-11,1,1292,267.71,1292
1942,C043,P103,West,2026-02-12,1,302,46.03,302
1943,C044,P104,East,2026-02-13,4,218,45.47,872
1944,C045,P105,North,2026-02-14,3,1763,196.89,5289
1945,C046,P106,West,2026-02-15,1,588,122.61,588
1946,C047,P107,East,2026-02-16,2,1191,251.86,2382
1947,C048,P108,East,2026-02-17,4,995,157.94,3980
1948,C049,P109,West,2026-02-18,2,692,150.41,1384
1949,C050,P110,North,2026-02-19,1,1125,117.0,1125
1950,C051,P111,North,2026-02-20,2,172,22.27,344
1951,C052,P112,East,2026-02-21,3,491,99.71,1473
1952,C053,P113,North,2026-02-22,4,1318,140.77,5272
1953,C054,P114,West,2026-02-23,2,1117,148.26,2234
1954,C055,P115,West,2026-02-24,5,232,50.97,1160
1955,C056,P116,East,2026-02-25,3,716,107.32,2148
1956,C057,P117,South,2026-02-26,5,935,175.43,4675
1957,C058,P118,South,2026-02-27,2,1012,127.49,2024
1958,C059,P119,North,2026-02-28,2,1239,185.14,2478
1959,C060,P120,South,2026-03-01,5,142,25.74,710
1960,C061,P001,South,2026-03-02,4,1184,208.32,4736
1961,C062,P002,West,2026-03-03,2,1065,198.02,2130
1962,C063,P003,East,2026-03-04,5,1831,195.44,9155
1963,C064,P004,West,2026-03-05,5,1998,328.68,9990
1964,C065,P005,North,2026-03-06,3,1524,152.89,4572
1965,C066,P006,West,2026-03-07,5,635,63.37,3175
1966,C067,P007,North,2026-03-08,5,1996,162.05,9980
1967,C068,P008,South,2026-03-09,3,652,142.23,1956
1968,C069,P009,West,2026-03-10,3,602,61.89,1806
1969,C070,P010,South,2026-03-11,2,1631,143.63,3262
1970,C071,P011,North,2026-03-12,2,1959,280.27,3918
1971,C072,P012,East,2026-03-13,3,1610,304.47,4830
1972,C073,P013,East,2026-03-14,1,799,128.66,799
1973,C074,P014,West,2026-03-15,2,1623,160.93,3246
1974,C075,P015,West,2026-03-16,3,553,81.01,1659
1975,C076,P016,West,2026-03-17,4,1649,195.45,6596
1976,C077,P017,North,2026-03-18,2,263,39.51,526
1977,C078,P018,South,2026-03-19,1,1737,259.5,1737
1978,C079,P019,East,2026-03-20,4,565,66.97,2260
1979,C080,P020,West,2026-03-21,2,1926,177.76,3852
1980,C081,P021,South,2026-03-22,2,1006,136.19,2012
1981,C082,P022,South,2026-03-23,4,154,25.91,616
1982,C083,P023,North,2026-03-24,5,630,94.23,3150
1983,C084,P024,North,2026-03-25,2,1590,249.32,3180
1984,C085,P025,North,2026-03-26,3,1510,231.47,4530
1985,C086,P026,West,2026-03-27,4,1233,179.71,4932
1986,C087,P027,West,2026-03-28,1,1385,297.64,1385
1987,C088,P028,South,2026-03-29,5,966,89.3,4830
1988,C089,P029,North,2026-03-30,3,349,37.17,1047
1989,C090,P030,West,2026-03-31,4,603,102.71,2412
1990,C091,P031,South,2026-01-01,4,1338,135.88,5352
1991,C092,P032,South,2026-01-02,2,1874,150.96,3748
1992,C093,P033,North,2026-01-03,3,168,18.24,504
1993,C094,P034,South,2026-01-04,4,1352,152.33,5408
1994,C095,P035,South,2026-01-05,5,1345,227.01,6725
1995,C096,P036,East,2026-01-06,5,1826,390.02,9130
1996,C097,P037,North,2026-01-07,5,969,203.46,4845
1997,C098,P038,West,2026-01-08,1,1962,324.7,1962
1998,C099,P039,West,2026-01-09,3,880,157.07,2640
1999,C100,P040,North,2026-01-10,3,673,80.95,2019
2000,C101,P041,North,2026-01-11,2,195,16.73,390
2001,C102,P042,North,2026-01-12,3,1877,184.37,5631
2002,C103,P043,South,2026-01-13,1,396,54.6,396
2003,C104,P044,East,2026-01-14,2,1533,159.73,3066
2004,C105,P045,North,2026-01-15,4,109,18.69,436
2005,C106,P046,North,2026-01-16,1,1966,393.97,1966
2006,C107,P047,South,2026-01-17,4,974,184.06,3896
2007,C108,P048,South,2026-01-18,2,1822,310.6,3644
2008,C109,P049,East,2026-01-19,1,1202,240.63,1202
2009,C110,P050,South,2026-01-20,5,463,70.03,2315
2010,C111,P051,South,2026-01-21,5,930,144.72,4650
2011,C112,P052,East,2026-01-22,5,1487,320.36,7435
2012,C113,P053,West,2026-01-23,3,448,52.34,1344
2013,C114,P054,South,2026-01-24,5,816,156.02,4080
2014,C115,P055,North,2026-01-25,3,213,22.52,639
2015,C116,P056,West,2026-01-26,3,1935,294.26,5805
2016,C117,P057,West,2026-01-27,5,1174,200.11,5870
2017,C118,P058,North,2026-01-28,5,1642,188.02,8210
2018,C119,P059,East,2026-01-29,5,1740,317.49,8700
2019,C120,P060,North,2026-01-30,5,147,21.69,735
2020,C121,P061,North,2026-01-31,1,392,73.92,392
2021,C122,P062,North,2026-02-01,2,1458,160.91,2916
2022,C123,P063,South,2026-02-02,4,814,127.97,3256
2023,C124,P064,East,2026-02-03,5,253,35.51,1265
2024,C125,P065,North,2026-02-04,4,241,35.41,964
2025,C126,P066,East,2026-02-05,2,1453,133.64,2906
2026,C127,P067,North,2026-02-06,2,368,40.4,736
2027,C128,P068,South,2026-02-07,5,630,95.7,3150
2028,C129,P069,East,2026-02-08,5,1198,197.78,5990
2029,C130,P070,West,2026-02-09,5,1470,134.18,7350
2030,C131,P071,South,2026-02-10,5,1538,178.62,7690
2031,C132,P072,West,2026-02-11,5,217,30.16,1085
2032,C133,P073,South,2026-02-12,1,424,73.26,424
2033,C134,P074,West,2026-02-13,2,1010,90.07,2020
2034,C135,P075,South,2026-02-14,3,1795,236.98,5385
2035,C136,P076,South,2026-02-15,4,1210,104.89,4840
2036,C137,P077,South,2026-02-16,4,606,108.24,2424
2037,C138,P078,East,2026-02-17,2,1796,243.37,3592
2038,C139,P079,North,2026-02-18,4,1814,261.55,7256
2039,C140,P080,West,2026-02-19,1,1632,339.42,1632
2040,C141,P081,East,2026-02-20,1,1346,162.2,1346
2041,C142,P082,West,2026-02-21,3,776,86.75,2328
2042,C143,P083,South,2026-02-22,2,1370,199.75,2740
2043,C144,P084,East,2026-02-23,5,1264,275.75,6320
2044,C145,P085,West,2026-02-24,4,386,37.16,1544
2045,C146,P086,East,2026-02-25,4,1969,400.3,7876
2046,C147,P087,North,2026-02-26,5,1915,365.07,9575
2047,C148,P088,North,2026-02-27,5,321,30.39,1605
2048,C149,P089,South,2026-02-28,2,764,67.11,1528
2049,C150,P090,South,2026-03-01,5,1557,261.04,7785
2050,C151,P091,North,2026-03-02,5,961,153.91,4805
2051,C152,P092,South,2026-03-03,2,1141,220.94,2282
2052,C153,P093,South,2026-03-04,4,181,20.48,724
2053,C154,P094,South,2026-03-05,5,1518,137.79,7590
2054,C155,P095,East,2026-03-06,3,1208,181.06,3624
2055,C156,P096,North,2026-03-07,5,1178,141.58,5890
2056,C157,P097,East,2026-03-08,3,696,130.39,2088
2057,C158,P098,South,2026-03-09,3,349,56.79,1047
2058,C159,P099,South,2026-03-10,5,208,27.77,1040
2059,C160,P100,West,2026-03-11,4,326,48.27,1304
2060,C161,P101,South,2026-03-12,1,291,36.95,291
2061,C162,P102,North,2026-03-13,4,448,49.73,1792
2062,C163,P103,West,2026-03-14,5,1796,393.3,8980
2063,C164,P104,North,2026-03-15,3,381,40.11,1143
2064,C165,P105,East,2026-03-16,5,875,96.51,4375
2065,C166,P106,North,2026-03-17,3,1949,293.97,5847
2066,C167,P107,West,2026-03-18,1,934,123.85,934
2067,C168,P108,North,2026-03-19,3,922,92.06,2766
2068,C169,P109,East,2026-03-20,4,1418,211.06,5672
2069,C170,P110,West,2026-03-21,1,811,122.11,811
2070,C171,P111,East,2026-03-22,2,963,198.7,1926
2071,C172,P112,West,2026-03-23,4,110,14.56,440
2072,C173,P113,South,2026-03-24,4,880,125.0,3520
2073,C174,P114,West,2026-03-25,4,904,78.04,3616
2074,C175,P115,South,2026-03-26,3,1309,266.71,3927
2075,C176,P116,North,2026-03-27,5,643,115.94,3215
2076,C177,P117,North,2026-03-28,5,711,109.83,3555
2077,C178,P118,East,2026-03-29,2,1004,93.28,2008
2078,C179,P119,East,2026-03-30,2,1236,225.18,2472
2079,C180,P120,East,2026-03-31,4,730,152.71,2920
2080,C181,P001,South,2026-01-01,4,1030,195.43,4120
2081,C182,P002,East,2026-01-02,5,884,71.28,4420
2082,C183,P003,West,2026-01-03,1,659,65.56,659
2083,C184,P004,West,2026-01-04,3,1690,265.68,5070
2084,C185,P005,East,2026-01-05,4,1411,122.79,5644
2085,C186,P006,South,2026-01-06,2,1300,190.0,2600
2086,C187,P007,South,2026-01-07,3,1101,219.78,3303
2087,C188,P008,South,2026-01-08,5,1826,184.71,9130
2088,C189,P009,East,2026-01-09,1,627,108.01,627
2089,C190,P010,East,2026-01-10,1,1842,279.81,1842
2090,C191,P011,West,2026-01-11,2,865,133.64,1730
2091,C192,P012,West,2026-01-12,2,1180,159.38,2360
2092,C193,P013,East,2026-01-13,5,159,28.63,795
2093,C194,P014,South,2026-01-14,3,1687,201.81,5061
2094,C195,P015,South,2026-01-15,3,530,107.09,1590
2095,C196,P016,South,2026-01-16,2,436,92.4,872
2096,C197,P017,North,2026-01-17,3,1627,211.77,4881
2097,C198,P018,North,2026-01-18,4,1461,273.48,5844
2098,C199,P019,North,2026-01-19,3,139,20.06,417
2099,C200,P020,North,2026-01-20,5,337,28.75,1685
2100,C201,P021,East,2026-01-21,1,912,141.65,912
2101,C202,P022,North,2026-01-22,4,964,116.23,3856
2102,C203,P023,South,2026-01-23,3,1927,346.02,5781
2103,C204,P024,South,2026-01-24,1,527,85.23,527
2104,C205,P025,South,2026-01-25,4,1736,358.19,6944
2105,C206,P026,West,2026-01-26,2,628,123.78,1256
2106,C207,P027,West,2026-01-27,5,154,29.25,770
2107,C208,P028,North,2026-01-28,4,1596,238.21,6384
2108,C209,P029,West,2026-01-29,5,1580,231.41,7900
2109,C210,P030,West,2026-01-30,2,851,87.05,1702
2110,C211,P031,East,2026-01-31,4,1087,106.01,4348
2111,C212,P032,East,2026-02-01,2,1504,323.7,3008
2112,C213,P033,North,2026-02-02,2,1638,316.18,3276
2113,C214,P034,West,2026-02-03,4,864,150.84,3456
2114,C215,P035,East,2026-02-04,3,1058,126.72,3174
2115,C216,P036,West,2026-02-05,5,397,41.8,1985
2116,C217,P037,East,2026-02-06,1,1638,341.06,1638
2117,C218,P038,South,2026-02-07,5,1117,231.19,5585
2118,C219,P039,South,2026-02-08,1,1104,140.9,1104
2119,C220,P040,West,2026-02-09,2,1396,115.42,2792
2120,C221,P041,West,2026-02-10,2,584,86.88,1168
2121,C222,P042,West,2026-02-11,3,595,103.73,1785
2122,C223,P043,East,2026-02-12,1,994,87.16,994
2123,C224,P044,South,2026-02-13,2,1170,243.17,2340
2124,C225,P045,East,2026-02-14,3,1793,370.93,5379
2125,C226,P046,West,2026-02-15,2,584,115.26,1168
2126,C227,P047,West,2026-02-16,5,1849,295.55,9245
2127,C228,P048,East,2026-02-17,3,1343,262.12,4029
2128,C229,P049,East,2026-02-18,1,1885,226.12,1885
2129,C230,P050,South,2026-02-19,3,814,137.77,2442
2130,C231,P051,East,2026-02-20,5,1874,187.31,9370
2131,C232,P052,West,2026-02-21,4,1167,114.12,4668
2132,C233,P053,North,2026-02-22,5,1190,123.61,5950
2133,C234,P054,North,2026-02-23,3,829,162.04,2487
2134,C235,P055,West,2026-02-24,5,258,51.99,1290
2135,C236,P056,East,2026-02-25,5,783,64.45,3915
2136,C237,P057,North,2026-02-26,1,804,125.54,804
2137,C238,P058,West,2026-02-27,4,285,27.09,1140
2138,C239,P059,South,2026-02-28,1,1448,210.67,1448
2139,C240,P060,North,2026-03-01,3,1805,348.6,5415
2140,C241,P061,South,2026-03-02,1,528,80.34,528
2141,C242,P062,West,2026-03-03,1,736,99.18,736
2142,C243,P063,East,2026-03-04,2,1887,169.46,3774
2143,C244,P064,East,2026-03-05,1,1384,130.33,1384
2144,C245,P065,North,2026-03-06,2,813,162.33,1626
2145,C246,P066,North,2026-03-07,5,1329,216.19,6645
2146,C247,P067,North,2026-03-08,3,522,56.23,1566
2147,C248,P068,West,2026-03-09,1,1289,207.42,1289
2148,C249,P069,East,2026-03-10,3,720,101.24,2160
2149,C250,P070,East,2026-03-11,4,1045,111.73,4180
2150,C251,P071,North,2026-03-12,4,1341,272.62,5364
2151,C252,P072,West,2026-03-13,2,325,62.55,650
2152,C253,P073,West,2026-03-14,2,1073,105.57,2146
2153,C254,P074,East,2026-03-15,1,388,53.55,388
2154,C255,P075,South,2026-03-16,1,1686,289.97,1686
2155,C256,P076,North,2026-03-17,4,1108,104.09,4432
2156,C257,P077,East,2026-03-18,2,844,90.63,1688
2157,C258,P078,South,2026-03-19,5,1940,419.14,9700
2158,C259,P079,North,2026-03-20,2,881,147.66,1762
2159,C260,P080,East,2026-03-21,3,1469,312.9,4407
2160,C261,P081,North,2026-03-22,5,1195,135.18,5975
2161,C262,P082,East,2026-03-23,2,584,59.44,1168
2162,C263,P083,East,2026-03-24,1,625,134.68,625
2163,C264,P084,North,2026-03-25,2,1041,130.04,2082
2164,C265,P085,North,2026-03-26,3,973,186.48,2919
2165,C266,P086,North,2026-03-27,2,682,73.45,1364
2166,C267,P087,East,2026-03-28,5,1335,225.22,6675
2167,C268,P088,North,2026-03-29,2,430,51.23,860
2168,C269,P089,West,2026-03-30,5,314,29.34,1570
2169,C270,P090,North,2026-03-31,4,195,21.28,780
2170,C271,P091,East,2026-01-01,1,1294,260.59,1294
2171,C272,P092,West,2026-01-02,1,1563,318.71,1563
2172,C273,P093,South,2026-01-03,5,1628,151.49,8140
2173,C274,P094,North,2026-01-04,3,1973,197.43,5919
2174,C275,P095,North,2026-01-05,5,948,207.35,4740
2175,C276,P096,East,2026-01-06,1,566,117.31,566
2176,C277,P097,East,2026-01-07,2,916,132.71,1832
2177,C278,P098,South,2026-01-08,1,1060,178.09,1060
2178,C279,P099,West,2026-01-09,5,1667,262.81,8335
2179,C280,P100,North,2026-01-10,2,832,142.98,1664
2180,C281,P101,South,2026-01-11,1,187,26.87,187
2181,C282,P102,East,2026-01-12,2,1881,302.21,3762
2182,C283,P103,South,2026-01-13,5,277,32.01,1385
2183,C284,P104,South,2026-01-14,3,627,91.4,1881
2184,C285,P105,South,2026-01-15,2,1169,210.69,2338
2185,C286,P106,East,2026-01-16,2,1296,220.93,2592
2186,C287,P107,South,2026-01-17,1,375,33.85,375
2187,C288,P108,East,2026-01-18,5,424,39.15,2120
2188,C289,P109,North,2026-01-19,2,1319,258.76,2638
2189,C290,P110,East,2026-01-20,1,1280,166.33,1280
2190,C291,P111,North,2026-01-21,5,918,148.22,4590
2191,C292,P112,South,2026-01-22,1,765,146.85,765
2192,C293,P113,South,2026-01-23,3,1765,161.24,5295
2193,C294,P114,North,2026-01-24,1,1495,276.17,1495
2194,C295,P115,West,2026-01-25,1,430,70.78,430
2195,C296,P116,North,2026-01-26,5,1353,247.24,6765
2196,C297,P117,North,2026-01-27,1,915,105.25,915
2197,C298,P118,North,2026-01-28,1,318,59.78,318
2198,C299,P119,West,2026-01-29,4,1813,224.7,7252
2199,C300,P120,West,2026-01-30,4,435,64.93,1740
2200,C001,P001,East,2026-01-31,5,1491,309.83,7455
2201,C002,P002,North,2026-02-01,3,1545,334.73,4635
2202,C003,P003,West,2026-02-02,3,1932,331.23,5796
2203,C004,P004,West,2026-02-03,5,221,20.73,1105
2204,C005,P005,South,2026-02-04,3,1949,316.76,5847
2205,C006,P006,East,2026-02-05,4,1214,154.79,4856
2206,C007,P007,South,2026-02-06,3,1566,245.42,4698
2207,C008,P008,North,2026-02-07,5,1677,199.8,8385
2208,C009,P009,North,2026-02-08,4,242,22.09,968
2209,C010,P010,South,2026-02-09,5,1730,315.8,8650
2210,C011,P011,East,2026-02-10,5,101,15.67,505
2211,C012,P012,East,2026-02-11,4,1625,353.64,6500
2212,C013,P013,North,2026-02-12,1,1971,296.72,1971
2213,C014,P014,North,2026-02-13,1,1295,147.61,1295
2214,C015,P015,West,2026-02-14,5,406,46.1,2030
2215,C016,P016,North,2026-02-15,5,589,51.46,2945
2216,C017,P017,East,2026-02-16,5,1671,318.97,8355
2217,C018,P018,North,2026-02-17,3,999,173.52,2997
2218,C019,P019,North,2026-02-18,1,1495,219.85,1495
2219,C020,P020,South,2026-02-19,5,266,29.93,1330
2220,C021,P021,North,2026-02-20,2,1810,174.57,3620
2221,C022,P022,North,2026-02-21,4,462,54.81,1848
2222,C023,P023,West,2026-02-22,2,1978,349.98,3956
2223,C024,P024,East,2026-02-23,3,1891,265.26,5673
2224,C025,P025,East,2026-02-24,3,1311,207.69,3933
2225,C026,P026,West,2026-02-25,3,155,33.35,465
2226,C027,P027,North,2026-02-26,2,1282,134.54,2564
2227,C028,P028,West,2026-02-27,2,1262,116.17,2524
2228,C029,P029,East,2026-02-28,1,333,72.17,333
2229,C030,P030,South,2026-03-01,3,339,29.08,1017
2230,C031,P031,South,2026-03-02,4,1160,199.41,4640
2231,C032,P032,South,2026-03-03,4,1225,181.23,4900
2232,C033,P033,South,2026-03-04,4,754,165.28,3016
2233,C034,P034,North,2026-03-05,5,330,56.53,1650
2234,C035,P035,North,2026-03-06,4,1809,285.31,7236
2235,C036,P036,South,2026-03-07,2,1656,291.64,3312
2236,C037,P037,West,2026-03-08,1,711,82.71,711
2237,C038,P038,West,2026-03-09,5,1611,187.85,8055
2238,C039,P039,East,2026-03-10,4,1070,107.55,4280
2239,C040,P040,South,2026-03-11,1,578,98.01,578
2240,C041,P041,East,2026-03-12,5,353,54.51,1765
2241,C042,P042,South,2026-03-13,1,258,45.45,258
2242,C043,P043,West,2026-03-14,3,356,36.34,1068
2243,C044,P044,North,2026-03-15,3,1355,238.88,4065
2244,C045,P045,South,2026-03-16,3,207,29.17,621
2245,C046,P046,West,2026-03-17,3,580,105.15,1740
2246,C047,P047,North,2026-03-18,1,977,161.96,977
2247,C048,P048,West,2026-03-19,2,1898,211.62,3796
2248,C049,P049,East,2026-03-20,2,639,85.03,1278
2249,C050,P050,East,2026-03-21,4,1818,174.67,7272
2250,C051,P051,East,2026-03-22,4,815,128.02,3260
2251,C052,P052,South,2026-03-23,3,1424,286.92,4272
2252,C053,P053,South,2026-03-24,2,369,66.74,738
2253,C054,P054,East,2026-03-25,2,251,25.76,502
2254,C055,P055,North,2026-03-26,5,790,108.39,3950
2255,C056,P056,North,2026-03-27,2,1161,120.42,2322
2256,C057,P057,East,2026-03-28,5,1049,226.93,5245
2257,C058,P058,North,2026-03-29,1,1533,216.59,1533
2258,C059,P059,South,2026-03-30,5,570,66.24,2850
2259,C060,P060,North,2026-03-31,2,468,60.73,936
2260,C061,P061,West,2026-01-01,4,121,16.69,484
2261,C062,P062,West,2026-01-02,3,1413,150.56,4239
2262,C063,P063,West,2026-01-03,5,1526,128.31,7630
2263,C064,P064,South,2026-01-04,5,1161,166.67,5805
2264,C065,P065,West,2026-01-05,4,1963,279.14,7852
2265,C066,P066,North,2026-01-06,5,1388,299.31,6940
2266,C067,P067,North,2026-01-07,3,1812,155.67,5436
2267,C068,P068,West,2026-01-08,1,1733,285.56,1733
2268,C069,P069,West,2026-01-09,4,824,181.22,3296
2269,C070,P070,North,2026-01-10,1,1304,250.63,1304
2270,C071,P071,North,2026-01-11,4,1912,316.95,7648
2271,C072,P072,South,2026-01-12,4,637,118.93,2548
2272,C073,P073,East,2026-01-13,5,1309,204.17,6545
2273,C074,P074,East,2026-01-14,4,1744,144.43,6976
2274,C075,P075,South,2026-01-15,5,1265,107.31,6325
2275,C076,P076,East,2026-01-16,5,1519,146.17,7595
2276,C077,P077,East,2026-01-17,4,1135,146.32,4540
2277,C078,P078,South,2026-01-18,1,197,17.26,197
2278,C079,P079,West,2026-01-19,2,963,170.87,1926
2279,C080,P080,South,2026-01-20,3,218,19.26,654
2280,C081,P081,North,2026-01-21,4,256,30.26,1024
2281,C082,P082,North,2026-01-22,2,1713,307.15,3426
2282,C083,P083,North,2026-01-23,5,1934,334.49,9670
2283,C084,P084,West,2026-01-24,5,702,145.75,3510
2284,C085,P085,South,2026-01-25,4,978,78.64,3912
2285,C086,P086,West,2026-01-26,1,1157,206.69,1157
2286,C087,P087,West,2026-01-27,5,1375,183.01,6875
2287,C088,P088,South,2026-01-28,1,519,52.9,519
2288,C089,P089,North,2026-01-29,5,1859,322.1,9295
2289,C090,P090,North,2026-01-30,2,191,25.0,382
2290,C091,P091,East,2026-01-31,3,1874,204.77,5622
2291,C092,P092,South,2026-02-01,5,320,38.91,1600
2292,C093,P093,South,2026-02-02,2,438,38.47,876
2293,C094,P094,West,2026-02-03,2,1795,325.84,3590
2294,C095,P095,South,2026-02-04,3,344,64.86,1032
2295,C096,P096,East,2026-02-05,5,228,39.35,1140
2296,C097,P097,West,2026-02-06,4,1862,304.13,7448
2297,C098,P098,South,2026-02-07,2,1871,257.64,3742
2298,C099,P099,North,2026-02-08,4,1719,264.91,6876
2299,C100,P100,North,2026-02-09,2,1276,179.26,2552
2300,C101,P101,West,2026-02-10,4,167,20.23,668
2301,C102,P102,East,2026-02-11,5,921,182.25,4605
2302,C103,P103,West,2026-02-12,2,1613,138.77,3226
2303,C104,P104,North,2026-02-13,3,462,42.79,1386
2304,C105,P105,North,2026-02-14,2,1049,101.76,2098
2305,C106,P106,North,2026-02-15,4,288,24.65,1152
2306,C107,P107,North,2026-02-16,5,1069,160.59,5345
2307,C108,P108,West,2026-02-17,4,1741,274.08,6964
2308,C109,P109,North,2026-02-18,1,488,86.53,488
2309,C110,P110,North,2026-02-19,1,1998,276.82,1998
2310,C111,P111,East,2026-02-20,3,1197,136.51,3591
2311,C112,P112,South,2026-02-21,1,177,30.25,177
2312,C113,P113,West,2026-02-22,2,1753,155.31,3506
2313,C114,P114,North,2026-02-23,3,843,152.19,2529
2314,C115,P115,East,2026-02-24,5,1626,204.86,8130
2315,C116,P116,West,2026-02-25,4,218,30.36,872
2316,C117,P117,North,2026-02-26,3,793,148.11,2379
2317,C118,P118,South,2026-02-27,1,312,52.68,312
2318,C119,P119,West,2026-02-28,2,793,136.49,1586
2319,C120,P120,West,2026-03-01,3,1693,315.74,5079
2320,C121,P001,North,2026-03-02,4,151,17.14,604
2321,C122,P002,South,2026-03-03,3,1980,360.7,5940
2322,C123,P003,South,2026-03-04,4,529,95.64,2116
2323,C124,P004,North,2026-03-05,3,560,114.03,1680
2324,C125,P005,North,2026-03-06,1,878,97.2,878
2325,C126,P006,North,2026-03-07,3,608,76.38,1824
2326,C127,P007,East,2026-03-08,4,1069,222.77,4276
2327,C128,P008,North,2026-03-09,5,1254,166.03,6270
2328,C129,P009,North,2026-03-10,3,1982,224.11,5946
2329,C130,P010,South,2026-03-11,3,1409,161.91,4227
2330,C131,P011,West,2026-03-12,1,1856,254.49,1856
2331,C132,P012,East,2026-03-13,2,973,194.55,1946
2332,C133,P013,East,2026-03-14,2,892,100.16,1784
2333,C134,P014,East,2026-03-15,5,1472,242.26,7360
2334,C135,P015,West,2026-03-16,3,1023,120.95,3069
2335,C136,P016,West,2026-03-17,1,1545,257.76,1545
2336,C137,P017,East,2026-03-18,3,1613,257.58,4839
2337,C138,P018,North,2026-03-19,5,567,96.17,2835
2338,C139,P019,South,2026-03-20,4,1230,98.48,4920
2339,C140,P020,North,2026-03-21,3,1632,324.19,4896
2340,C141,P021,North,2026-03-22,1,152,30.58,152
2341,C142,P022,West,2026-03-23,2,866,188.37,1732
2342,C143,P023,East,2026-03-24,5,346,44.37,1730
2343,C144,P024,North,2026-03-25,5,1332,156.44,6660
2344,C145,P025,East,2026-03-26,3,1642,353.46,4926
2345,C146,P026,North,2026-03-27,1,1362,241.05,1362
2346,C147,P027,West,2026-03-28,5,554,57.42,2770
2347,C148,P028,North,2026-03-29,5,1246,229.26,6230
2348,C149,P029,East,2026-03-30,3,847,82.22,2541
2349,C150,P030,South,2026-03-31,1,984,195.93,984
2350,C151,P031,East,2026-01-01,4,1019,176.6,4076
2351,C152,P032,East,2026-01-02,3,1993,321.3,5979
2352,C153,P033,West,2026-01-03,1,1737,320.11,1737
2353,C154,P034,North,2026-01-04,3,638,91.99,1914
2354,C155,P035,East,2026-01-05,5,632,102.02,3160
2355,C156,P036,North,2026-01-06,2,1901,341.16,3802
2356,C157,P037,East,2026-01-07,2,1987,427.18,3974
2357,C158,P038,North,2026-01-08,4,742,73.2,2968
2358,C159,P039,West,2026-01-09,2,524,58.04,1048
2359,C160,P040,South,2026-01-10,3,863,79.19,2589
2360,C161,P041,East,2026-01-11,1,1644,259.89,1644
2361,C162,P042,South,2026-01-12,2,1014,91.45,2028
2362,C163,P043,South,2026-01-13,5,1862,290.07,9310
2363,C164,P044,East,2026-01-14,4,1536,144.35,6144
2364,C165,P045,South,2026-01-15,3,233,32.65,699
2365,C166,P046,West,2026-01-16,4,376,33.6,1504
2366,C167,P047,West,2026-01-17,5,1310,134.72,6550
2367,C168,P048,East,2026-01-18,4,1065,151.15,4260
2368,C169,P049,South,2026-01-19,1,712,92.05,712
2369,C170,P050,South,2026-01-20,5,1384,282.2,6920
2370,C171,P051,West,2026-01-21,2,1104,110.41,2208
2371,C172,P052,South,2026-01-22,1,877,127.47,877
2372,C173,P053,North,2026-01-23,2,1547,299.06,3094
2373,C174,P054,East,2026-01-24,3,1048,187.42,3144
2374,C175,P055,East,2026-01-25,2,1720,157.71,3440
2375,C176,P056,East,2026-01-26,5,1173,171.59,5865
2376,C177,P057,South,2026-01-27,3,1915,365.73,5745
2377,C178,P058,North,2026-01-28,5,1503,123.42,7515
2378,C179,P059,West,2026-01-29,2,1653,349.79,3306
2379,C180,P060,West,2026-01-30,4,1690,150.97,6760
2380,C181,P061,West,2026-01-31,2,753,64.14,1506
2381,C182,P062,South,2026-02-01,2,530,71.52,1060
2382,C183,P063,North,2026-02-02,4,973,78.71,3892
2383,C184,P064,West,2026-02-03,2,582,55.63,1164
2384,C185,P065,North,2026-02-04,2,1207,107.69,2414
2385,C186,P066,East,2026-02-05,5,760,88.07,3800
2386,C187,P067,North,2026-02-06,5,786,78.56,3930
2387,C188,P068,South,2026-02-07,4,833,166.27,3332
2388,C189,P069,East,2026-02-08,2,1767,329.46,3534
2389,C190,P070,North,2026-02-09,5,525,66.67,2625
2390,C191,P071,West,2026-02-10,5,928,178.49,4640
2391,C192,P072,East,2026-02-11,5,694,118.64,3470
2392,C193,P073,East,2026-02-12,1,1462,233.04,1462
2393,C194,P074,South,2026-02-13,1,756,101.98,756
2394,C195,P075,West,2026-02-14,3,567,100.4,1701
2395,C196,P076,North,2026-02-15,2,1508,177.0,3016
2396,C197,P077,North,2026-02-16,1,963,154.67,963
2397,C198,P078,East,2026-02-17,3,950,113.73,2850
2398,C199,P079,West,2026-02-18,4,696,68.77,2784
2399,C200,P080,West,2026-02-19,4,1322,169.12,5288
2400,C201,P081,West,2026-02-20,4,120,20.27,480
2401,C202,P082,South,2026-02-21,4,739,75.81,2956
2402,C203,P083,South,2026-02-22,1,233,28.21,233
2403,C204,P084,South,2026-02-23,4,1862,341.51,7448
2404,C205,P085,North,2026-02-24,1,1688,343.52,1688
2405,C206,P086,North,2026-02-25,5,1768,377.68,8840
2406,C207,P087,South,2026-02-26,4,1362,133.58,5448
2407,C208,P088,North,2026-02-27,5,543,74.26,2715
2408,C209,P089,West,2026-02-28,5,1604,207.31,8020
2409,C210,P090,East,2026-03-01,3,576,111.21,1728
2410,C211,P091,North,2026-03-02,3,627,67.01,1881
2411,C212,P092,West,2026-03-03,4,788,169.91,3152
2412,C213,P093,East,2026-03-04,3,1508,140.12,4524
2413,C214,P094,South,2026-03-05,4,1960,273.06,7840
2414,C215,P095,South,2026-03-06,4,126,19.08,504
2415,C216,P096,East,2026-03-07,2,1257,153.88,2514
2416,C217,P097,East,2026-03-08,5,229,26.07,1145
2417,C218,P098,South,2026-03-09,4,130,19.62,520
2418,C219,P099,North,2026-03-10,5,1823,269.38,9115
2419,C220,P100,East,2026-03-11,5,596,114.64,2980
2420,C221,P101,East,2026-03-12,2,1303,276.09,2606
2421,C222,P102,South,2026-03-13,4,1470,296.93,5880
2422,C223,P103,East,2026-03-14,4,517,41.41,2068
2423,C224,P104,North,2026-03-15,3,568,111.65,1704
2424,C225,P105,North,2026-03-16,5,1086,178.81,5430
2425,C226,P106,South,2026-03-17,3,1757,199.43,5271
2426,C227,P107,East,2026-03-18,3,1265,108.34,3795
2427,C228,P108,South,2026-03-19,2,1453,186.42,2906
2428,C229,P109,East,2026-03-20,3,1908,180.47,5724
2429,C230,P110,East,2026-03-21,3,1456,320.24,4368
2430,C231,P111,North,2026-03-22,3,1475,217.42,4425
2431,C232,P112,North,2026-03-23,3,1155,135.54,3465
2432,C233,P113,East,2026-03-24,4,1251,153.08,5004
2433,C234,P114,South,2026-03-25,2,1107,215.75,2214
2434,C235,P115,South,2026-03-26,1,1206,226.76,1206
2435,C236,P116,West,2026-03-27,5,909,98.61,4545
2436,C237,P117,North,2026-03-28,1,344,67.38,344
2437,C238,P118,East,2026-03-29,1,886,118.92,886
2438,C239,P119,East,2026-03-30,1,1568,245.53,1568
2439,C240,P120,South,2026-03-31,2,1885,388.5,3770
2440,C241,P001,South,2026-01-01,1,1979,399.76,1979
2441,C242,P002,East,2026-01-02,2,1847,269.61,3694
2442,C243,P003,West,2026-01-03,3,248,34.79,744
2443,C244,P004,North,2026-01-04,2,1432,129.91,2864
2444,C245,P005,East,2026-01-05,4,1876,262.31,7504
2445,C246,P006,East,2026-01-06,4,630,97.12,2520
2446,C247,P007,South,2026-01-07,3,1183,219.78,3549
2447,C248,P008,West,2026-01-08,2,603,88.59,1206
2448,C249,P009,East,2026-01-09,2,1021,173.92,2042
2449,C250,P010,North,2026-01-10,3,1686,189.99,5058
2450,C251,P011,North,2026-01-11,2,1552,262.52,3104
2451,C252,P012,South,2026-01-12,3,1086,158.12,3258
2452,C253,P013,East,2026-01-13,3,837,91.44,2511
2453,C254,P014,East,2026-01-14,2,199,22.84,398
2454,C255,P015,East,2026-01-15,2,256,25.11,512
2455,C256,P016,North,2026-01-16,3,616,73.85,1848
2456,C257,P017,South,2026-01-17,4,1684,294.24,6736
2457,C258,P018,West,2026-01-18,3,833,160.92,2499
2458,C259,P019,North,2026-01-19,5,230,33.87,1150
2459,C260,P020,South,2026-01-20,4,919,101.49,3676
2460,C261,P021,East,2026-01-21,4,611,53.68,2444
2461,C262,P022,East,2026-01-22,4,134,26.57,536
2462,C263,P023,East,2026-01-23,4,697,129.3,2788
2463,C264,P024,West,2026-01-24,5,175,21.75,875
2464,C265,P025,East,2026-01-25,1,205,24.72,205
2465,C266,P026,South,2026-01-26,4,1039,96.25,4156
2466,C267,P027,East,2026-01-27,4,1563,236.19,6252
2467,C268,P028,South,2026-01-28,1,948,190.04,948
2468,C269,P029,East,2026-01-29,3,1123,200.9,3369
2469,C270,P030,South,2026-01-30,4,1893,330.6,7572
2470,C271,P031,East,2026-01-31,2,229,45.71,458
2471,C272,P032,South,2026-02-01,2,1765,279.3,3530
2472,C273,P033,East,2026-02-02,5,1800,160.58,9000
2473,C274,P034,North,2026-02-03,2,193,31.66,386
2474,C275,P035,East,2026-02-04,3,1345,201.04,4035
2475,C276,P036,South,2026-02-05,3,1660,324.71,4980
2476,C277,P037,North,2026-02-06,4,1221,148.3,4884
2477,C278,P038,North,2026-02-07,5,1731,264.85,8655
2478,C279,P039,West,2026-02-08,4,138,30.01,552
2479,C280,P040,North,2026-02-09,1,1935,423.07,1935
2480,C281,P041,East,2026-02-10,5,106,10.43,530
2481,C282,P042,North,2026-02-11,3,1897,361.88,5691
2482,C283,P043,East,2026-02-12,1,1021,136.92,1021
2483,C284,P044,East,2026-02-13,4,1922,176.06,7688
2484,C285,P045,East,2026-02-14,2,271,46.64,542
2485,C286,P046,East,2026-02-15,5,1549,340.58,7745
2486,C287,P047,South,2026-02-16,4,525,81.36,2100
2487,C288,P048,West,2026-02-17,3,933,194.41,2799
2488,C289,P049,North,2026-02-18,5,1444,117.25,7220
2489,C290,P050,West,2026-02-19,1,1284,170.0,1284
2490,C291,P051,West,2026-02-20,4,817,145.5,3268
2491,C292,P052,East,2026-02-21,1,301,31.33,301
2492,C293,P053,East,2026-02-22,1,296,61.3,296
2493,C294,P054,South,2026-02-23,5,1838,203.36,9190
2494,C295,P055,South,2026-02-24,1,647,118.15,647
2495,C296,P056,East,2026-02-25,4,1427,255.83,5708
2496,C297,P057,East,2026-02-26,1,1809,209.73,1809
2497,C298,P058,South,2026-02-27,2,369,68.6,738
2498,C299,P059,West,2026-02-28,3,840,177.35,2520
2499,C300,P060,South,2026-03-01,2,1203,180.02,2406
2500,C001,P061,South,2026-03-02,2,1934,250.61,3868
